1,2,3,10,11,12,19,20,21
now_time,trils,duration,2_RShoulder,,,5_LShoulder,,
2021:12:29:21:42:12,up_60_30s.csv,1.24001646,0.4832905,0.44620985,0.90554416,0.58552986,0.45661682,0.87896454
2021:12:29:21:42:12,up_60_30s.csv,1.340747356,0.48329526,0.44617575,0.9081595,0.58557117,0.4616826,0.8743035
2021:12:29:21:42:12,up_60_30s.csv,1.490392208,0.48332456,0.44623896,0.90081775,0.5856496,0.461759,0.8663894
2021:12:29:21:42:13,up_60_30s.csv,1.578128815,0.4833298,0.4462418,0.90094626,0.5856213,0.4617142,0.8698323
2021:12:29:21:42:13,up_60_30s.csv,1.677861691,0.48332325,0.44623956,0.9002506,0.5856112,0.46172157,0.87108684
2021:12:29:21:42:13,up_60_30s.csv,1.741691351,0.48332006,0.44620803,0.9042012,0.5856018,0.46170914,0.87131935
2021:12:29:21:42:13,up_60_30s.csv,1.805548668,0.48331928,0.4462099,0.9047555,0.58559495,0.46171784,0.8723359
2021:12:29:21:42:13,up_60_30s.csv,1.869349718,0.48331967,0.4462047,0.90573174,0.5855857,0.4617257,0.87393147
2021:12:29:21:42:13,up_60_30s.csv,1.929190159,0.48327646,0.4461986,0.9017278,0.58554476,0.45666274,0.87508875
2021:12:29:21:42:13,up_60_30s.csv,1.991024733,0.4796477,0.44621396,0.89929366,0.5855279,0.46168545,0.8762199
2021:12:29:21:42:13,up_60_30s.csv,2.056848526,0.47964075,0.4462283,0.89823824,0.5855357,0.46171328,0.87622416
2021:12:29:21:42:13,up_60_30s.csv,2.124667168,0.47964123,0.44622147,0.8989058,0.58552235,0.4616784,0.8770294
2021:12:29:21:42:13,up_60_30s.csv,2.206450701,0.47965646,0.44625893,0.8963467,0.5855115,0.46173304,0.87975496
2021:12:29:21:42:13,up_60_30s.csv,2.270277977,0.4796394,0.4462714,0.89424026,0.5855123,0.46171898,0.8798382
2021:12:29:21:42:13,up_60_30s.csv,2.332113266,0.47962686,0.44629082,0.8911915,0.58551717,0.461763,0.87891674
2021:12:29:21:42:13,up_60_30s.csv,2.397937536,0.4796376,0.44628942,0.89240044,0.5855174,0.46178687,0.8786848
2021:12:29:21:42:13,up_60_30s.csv,2.469745159,0.47963393,0.44625565,0.8964142,0.5855156,0.46179047,0.87902546
2021:12:29:21:42:13,up_60_30s.csv,2.53357482,0.4796294,0.44621316,0.8985542,0.5855165,0.46180567,0.8784559
2021:12:29:21:42:14,up_60_30s.csv,2.593414545,0.47962743,0.44620788,0.8992505,0.5855104,0.4618105,0.87857306
2021:12:29:21:42:14,up_60_30s.csv,2.665222406,0.47963545,0.44620228,0.900006,0.58552814,0.46181682,0.87680286
2021:12:29:21:42:14,up_60_30s.csv,2.72506237,0.47963315,0.44619513,0.9021187,0.58551997,0.46180987,0.87773126
2021:12:29:21:42:14,up_60_30s.csv,2.818816662,0.47963455,0.4462234,0.90016747,0.58552676,0.46181655,0.8773498
2021:12:29:21:42:14,up_60_30s.csv,2.89963007,0.47963655,0.44622892,0.8996957,0.58552915,0.46181244,0.8769297
2021:12:29:21:42:14,up_60_30s.csv,2.978385687,0.4796431,0.4462196,0.9015662,0.58554614,0.46182987,0.875715
2021:12:29:21:42:14,up_60_30s.csv,3.042242527,0.47963434,0.4462157,0.90195507,0.58551764,0.46181926,0.8777265
2021:12:29:21:42:14,up_60_30s.csv,3.104049444,0.47963613,0.4462172,0.9021334,0.58552223,0.46182823,0.8770511
2021:12:29:21:42:14,up_60_30s.csv,3.177851677,0.47961473,0.44628307,0.89135545,0.58554137,0.46182302,0.87630105
2021:12:29:21:42:14,up_60_30s.csv,3.239686728,0.47961903,0.44627282,0.8928581,0.5855363,0.4618292,0.8765977
2021:12:29:21:42:14,up_60_30s.csv,3.307505131,0.47963035,0.44626135,0.89485604,0.58553684,0.4618294,0.87591004
2021:12:29:21:42:14,up_60_30s.csv,3.36934042,0.47963557,0.4462612,0.8957689,0.58553755,0.46182013,0.87602276
2021:12:29:21:42:14,up_60_30s.csv,3.429179907,0.47963977,0.44624355,0.8971918,0.58553547,0.4618126,0.87613326
2021:12:29:21:42:14,up_60_30s.csv,3.503980398,0.47964525,0.4462447,0.8969535,0.5855276,0.46177554,0.87770015
2021:12:29:21:42:14,up_60_30s.csv,3.565814972,0.47964865,0.44624385,0.8971043,0.5855292,0.46179262,0.8779298
2021:12:29:21:42:15,up_60_30s.csv,3.631639004,0.47964314,0.44623223,0.8974904,0.5855346,0.4617674,0.8755417
2021:12:29:21:42:15,up_60_30s.csv,3.703446865,0.47963607,0.44624618,0.89587384,0.5855339,0.4617627,0.8754661
2021:12:29:21:42:15,up_60_30s.csv,3.777249336,0.479637,0.44622067,0.8987946,0.58551705,0.46175674,0.87650836
2021:12:29:21:42:15,up_60_30s.csv,3.84107852,0.4832767,0.44620502,0.90083313,0.5855298,0.4617448,0.87610745
2021:12:29:21:42:15,up_60_30s.csv,3.900948763,0.48328415,0.44618043,0.90401965,0.58553547,0.4617173,0.87478065
2021:12:29:21:42:15,up_60_30s.csv,3.962753773,0.48327687,0.44619775,0.9011376,0.5855219,0.46170023,0.87560475
2021:12:29:21:42:15,up_60_30s.csv,4.024588108,0.48327893,0.44620365,0.9007828,0.58551276,0.4616947,0.8769333
2021:12:29:21:42:15,up_60_30s.csv,4.09240675,0.483285,0.44620073,0.90169054,0.5855072,0.46168596,0.8769916
2021:12:29:21:42:15,up_60_30s.csv,4.16022563,0.48329848,0.44621196,0.90111816,0.585511,0.46167856,0.8773309
2021:12:29:21:42:15,up_60_30s.csv,4.230038881,0.48327821,0.44620532,0.9031,0.5855091,0.46178302,0.8794344
2021:12:29:21:42:15,up_60_30s.csv,4.293896198,0.4832991,0.44620705,0.9041027,0.5855086,0.46177176,0.8798477
2021:12:29:21:42:15,up_60_30s.csv,4.353708982,0.4833159,0.44621104,0.90556675,0.5855089,0.46176788,0.87925977
2021:12:29:21:42:15,up_60_30s.csv,4.419532299,0.48331124,0.4461933,0.9068028,0.5855096,0.46175632,0.879281
2021:12:29:21:42:15,up_60_30s.csv,4.489346027,0.4832946,0.44620755,0.9028757,0.5855193,0.4617495,0.87777585
2021:12:29:21:42:16,up_60_30s.csv,4.63098979,0.4832972,0.44620392,0.90409374,0.5855123,0.46175152,0.87814176
2021:12:29:21:42:16,up_60_30s.csv,4.692801714,0.48329443,0.4461938,0.9036838,0.58550626,0.46172932,0.8776595
2021:12:29:21:42:16,up_60_30s.csv,4.766605139,0.48329508,0.44619796,0.90381134,0.58551043,0.46173307,0.8771853
2021:12:29:21:42:16,up_60_30s.csv,4.830433846,0.48328573,0.4461965,0.90339744,0.58549243,0.46172145,0.8775699
2021:12:29:21:42:16,up_60_30s.csv,4.892269135,0.48328122,0.4462185,0.9011112,0.5854834,0.46173298,0.8786458
2021:12:29:21:42:16,up_60_30s.csv,4.968066692,0.4833014,0.4461937,0.904757,0.58550936,0.46175006,0.8764393
2021:12:29:21:42:16,up_60_30s.csv,5.027906179,0.48329708,0.44619662,0.90406793,0.5855156,0.46174002,0.8772756
2021:12:29:21:42:16,up_60_30s.csv,5.091735363,0.48329833,0.44620642,0.90292245,0.58551514,0.46171734,0.87616426
2021:12:29:21:42:16,up_60_30s.csv,5.151575804,0.48327655,0.44624355,0.8965454,0.5855065,0.46175486,0.8775338
2021:12:29:21:42:16,up_60_30s.csv,5.215404987,0.47965398,0.44618505,0.9033405,0.58552986,0.46168685,0.8766885
2021:12:29:21:42:16,up_60_30s.csv,5.281229734,0.47965103,0.44616857,0.90463597,0.5855411,0.46168262,0.8770655
2021:12:29:21:42:16,up_60_30s.csv,5.345058203,0.47964004,0.44617686,0.903095,0.5855209,0.4616974,0.877419
2021:12:29:21:42:16,up_60_30s.csv,5.408887863,0.47963664,0.4461602,0.90423465,0.58551776,0.4616805,0.87684834
2021:12:29:21:42:16,up_60_30s.csv,5.472717285,0.47963938,0.44614255,0.90594125,0.5855158,0.4616797,0.87688065
2021:12:29:21:42:16,up_60_30s.csv,5.552503586,0.47963655,0.44615588,0.9048012,0.58551675,0.4616787,0.8767294
2021:12:29:21:42:17,up_60_30s.csv,5.614338398,0.47962663,0.44616538,0.9039661,0.585531,0.4616981,0.87571824
2021:12:29:21:42:17,up_60_30s.csv,5.680162191,0.47961965,0.44616908,0.9031076,0.5855329,0.46167818,0.87457955
2021:12:29:21:42:17,up_60_30s.csv,5.743991613,0.47963235,0.44616583,0.90386695,0.5855547,0.4617259,0.87389904
2021:12:29:21:42:17,up_60_30s.csv,5.809815645,0.4796259,0.44616625,0.9036936,0.58555293,0.46170986,0.8735813
2021:12:29:21:42:17,up_60_30s.csv,5.871651411,0.4796344,0.44618028,0.9041864,0.58553195,0.46176183,0.8757704
2021:12:29:21:42:17,up_60_30s.csv,5.943458796,0.47963527,0.44617537,0.90295106,0.58554447,0.46173862,0.87521315
2021:12:29:21:42:17,up_60_30s.csv,6.007288218,0.47963408,0.4461852,0.9021292,0.58553296,0.46179056,0.8765143
2021:12:29:21:42:17,up_60_30s.csv,6.067128181,0.4796264,0.44619477,0.9017297,0.5855152,0.46178302,0.87685245
2021:12:29:21:42:17,up_60_30s.csv,6.126967907,0.47961688,0.44620126,0.9002479,0.58550626,0.4617827,0.8774258
2021:12:29:21:42:17,up_60_30s.csv,6.200771809,0.47957477,0.44618082,0.8987293,0.58183765,0.4617194,0.8799094
2021:12:29:21:42:17,up_60_30s.csv,6.26260519,0.47956997,0.44619173,0.89718026,0.5818324,0.46171087,0.8807192
2021:12:29:21:42:17,up_60_30s.csv,6.334414244,0.47955528,0.44622818,0.8929653,0.5817934,0.4617096,0.88463855
2021:12:29:21:42:17,up_60_30s.csv,6.412205458,0.4795709,0.44627985,0.890378,0.5817745,0.4617586,0.88794214
2021:12:29:21:42:17,up_60_30s.csv,6.474040985,0.47959042,0.44626984,0.89347744,0.5817733,0.46182072,0.88687885
2021:12:29:21:42:17,up_60_30s.csv,6.533880234,0.47958288,0.44628978,0.89024603,0.58174926,0.46180382,0.8898243
2021:12:29:21:42:18,up_60_30s.csv,6.60768342,0.47958946,0.44627059,0.8921843,0.5817416,0.46175334,0.8888637
2021:12:29:21:42:18,up_60_30s.csv,6.68148613,0.4795785,0.4462247,0.8951354,0.5817437,0.46174797,0.8879904
2021:12:29:21:42:18,up_60_30s.csv,6.745314837,0.479551,0.4461916,0.89355654,0.5817898,0.4616858,0.88508964
2021:12:29:21:42:18,up_60_30s.csv,6.809144497,0.47955242,0.4462,0.89251065,0.58180606,0.45665112,0.88220143
2021:12:29:21:42:18,up_60_30s.csv,6.870979548,0.4795671,0.4461713,0.89715844,0.5818161,0.4565774,0.8823774
2021:12:29:21:42:18,up_60_30s.csv,6.930819511,0.47958377,0.4461584,0.89869803,0.5817978,0.45656115,0.8821515
2021:12:29:21:42:18,up_60_30s.csv,6.996642828,0.4795653,0.44614348,0.8985009,0.5817864,0.4564917,0.886045
2021:12:29:21:42:18,up_60_30s.csv,7.05847764,0.4795684,0.44614345,0.899361,0.5817824,0.45651102,0.88611317
2021:12:29:21:42:18,up_60_30s.csv,7.122307301,0.47955647,0.44615477,0.8968714,0.58179396,0.45651394,0.88419235
2021:12:29:21:42:18,up_60_30s.csv,7.196110487,0.47951066,0.446163,0.8901198,0.5818332,0.45661482,0.8807771
2021:12:29:21:42:18,up_60_30s.csv,7.259939909,0.47951224,0.44615918,0.8903526,0.5818147,0.45661852,0.88259995
2021:12:29:21:42:18,up_60_30s.csv,7.329752922,0.47950637,0.44616124,0.89074194,0.58182675,0.45660052,0.88132894
2021:12:29:21:42:18,up_60_30s.csv,7.393617392,0.47949845,0.4461751,0.88813275,0.58185405,0.45661807,0.87636286
2021:12:29:21:42:18,up_60_30s.csv,7.46938014,0.47950795,0.44615266,0.89133066,0.585481,0.45661578,0.87590504
2021:12:29:21:42:18,up_60_30s.csv,7.547171116,0.4795098,0.4461331,0.8953215,0.5855257,0.4566294,0.87202185
2021:12:29:21:42:19,up_60_30s.csv,7.609035969,0.47951496,0.44615215,0.8944182,0.5855175,0.45663124,0.8725089
2021:12:29:21:42:19,up_60_30s.csv,7.686827898,0.47953007,0.44621143,0.8920529,0.585535,0.4566638,0.8713561
2021:12:29:21:42:19,up_60_30s.csv,7.749630451,0.47953102,0.44621426,0.89226747,0.5855365,0.45665884,0.87148815
2021:12:29:21:42:19,up_60_30s.csv,7.811465025,0.4795388,0.44621962,0.892502,0.58554775,0.45664564,0.8705649
2021:12:29:21:42:19,up_60_30s.csv,7.873299599,0.47953308,0.44628087,0.8858986,0.58557236,0.46171987,0.87017477
2021:12:29:21:42:19,up_60_30s.csv,7.939152241,0.47953144,0.44629043,0.88572836,0.58557755,0.46173778,0.86953944
2021:12:29:21:42:19,up_60_30s.csv,8.010931969,0.47954524,0.4462887,0.8858023,0.58556485,0.46169618,0.8705569
2021:12:29:21:42:19,up_60_30s.csv,8.071806192,0.47953936,0.44628668,0.885269,0.5855565,0.46170837,0.87141633
2021:12:29:21:42:19,up_60_30s.csv,8.133604288,0.47954702,0.44627765,0.8876017,0.5855591,0.46171835,0.8707895
2021:12:29:21:42:19,up_60_30s.csv,8.211400986,0.47955567,0.44624978,0.89021003,0.58556074,0.45663127,0.8710235
2021:12:29:21:42:19,up_60_30s.csv,8.284201622,0.47956434,0.4462375,0.89178765,0.58556366,0.4566412,0.8706745
2021:12:29:21:42:19,up_60_30s.csv,8.350024939,0.47958368,0.44621637,0.89641833,0.58556384,0.45663005,0.8705611
2021:12:29:21:42:19,up_60_30s.csv,8.41584897,0.4795767,0.446214,0.89533126,0.58556575,0.45663697,0.8696931
2021:12:29:21:42:19,up_60_30s.csv,8.479678631,0.47956875,0.4462077,0.8952454,0.58554566,0.45662138,0.8716683
2021:12:29:21:42:19,up_60_30s.csv,8.543507814,0.4795698,0.44620648,0.8944711,0.5855414,0.45655394,0.87297803
2021:12:29:21:42:20,up_60_30s.csv,8.605342627,0.4795972,0.44619378,0.8978731,0.5855502,0.45655215,0.87266415
2021:12:29:21:42:20,up_60_30s.csv,8.667177439,0.47956803,0.44619006,0.89605385,0.5855348,0.4565772,0.87379795
2021:12:29:21:42:20,up_60_30s.csv,8.729012489,0.47957394,0.44619477,0.8966716,0.5855263,0.4565943,0.874511
2021:12:29:21:42:20,up_60_30s.csv,8.808834076,0.47958407,0.44617665,0.89935464,0.5855226,0.45656908,0.87567
2021:12:29:21:42:20,up_60_30s.csv,8.870669603,0.47957796,0.4461743,0.89878106,0.58552736,0.4565698,0.8752862
2021:12:29:21:42:20,up_60_30s.csv,8.933465719,0.47957572,0.44617563,0.8983613,0.5855246,0.45659065,0.8749849
2021:12:29:21:42:20,up_60_30s.csv,9.003278971,0.47958842,0.44618455,0.89949656,0.58554924,0.45659468,0.87350744
2021:12:29:21:42:20,up_60_30s.csv,9.065113306,0.47958344,0.44617307,0.8997778,0.5855584,0.45658186,0.87312657
2021:12:29:21:42:20,up_60_30s.csv,9.138916016,0.4795898,0.44616446,0.9013995,0.5855459,0.45656833,0.87559426
2021:12:29:21:42:20,up_60_30s.csv,9.202745676,0.47957528,0.44616193,0.899929,0.5855188,0.45652586,0.8780646
2021:12:29:21:42:20,up_60_30s.csv,9.26657486,0.4795622,0.446171,0.8975514,0.58552635,0.45654356,0.87732387
2021:12:29:21:42:20,up_60_30s.csv,9.330404282,0.4795733,0.44615653,0.8993348,0.58551234,0.4565415,0.87755287
2021:12:29:21:42:20,up_60_30s.csv,9.408196926,0.4795667,0.44614267,0.89995825,0.58551323,0.45656335,0.87756664
2021:12:29:21:42:20,up_60_30s.csv,9.472053528,0.47959787,0.4461446,0.9032213,0.5855287,0.4565437,0.8757594
2021:12:29:21:42:20,up_60_30s.csv,9.533898115,0.47960097,0.4461444,0.9033357,0.5855254,0.4565371,0.8768888
2021:12:29:21:42:21,up_60_30s.csv,9.605705023,0.47959802,0.44613954,0.90329784,0.5855188,0.45653173,0.8778392
2021:12:29:21:42:21,up_60_30s.csv,9.682467699,0.47961226,0.44612616,0.90531576,0.58552814,0.45650294,0.87720335
2021:12:29:21:42:21,up_60_30s.csv,9.756266832,0.47961235,0.44611025,0.9066927,0.5855255,0.45650333,0.8771041
2021:12:29:21:42:21,up_60_30s.csv,9.824113369,0.4796163,0.44612896,0.90479153,0.5855233,0.45646927,0.8777433
2021:12:29:21:42:21,up_60_30s.csv,9.895892859,0.47960538,0.44613966,0.9026272,0.5855215,0.45646665,0.8773718
2021:12:29:21:42:21,up_60_30s.csv,9.970697641,0.47963092,0.4461737,0.90312564,0.5855297,0.4514644,0.8752831
2021:12:29:21:42:21,up_60_30s.csv,10.03455091,0.47963583,0.4461948,0.90132654,0.58552665,0.45146334,0.8752672
2021:12:29:21:42:21,up_60_30s.csv,10.11031914,0.4796366,0.44620135,0.90039515,0.58557415,0.4514278,0.8737492
2021:12:29:21:42:21,up_60_30s.csv,10.1741488,0.47963688,0.44620427,0.89926034,0.5855678,0.45142093,0.8750542
2021:12:29:21:42:21,up_60_30s.csv,10.23997259,0.4795958,0.44617847,0.8961679,0.5855936,0.4513351,0.8760292
2021:12:29:21:42:21,up_60_30s.csv,10.3018074,0.479589,0.44618782,0.89550155,0.5855987,0.45135728,0.8744691
2021:12:29:21:42:21,up_60_30s.csv,10.38159442,0.47957057,0.44618633,0.8934389,0.58560914,0.45133588,0.8738331
2021:12:29:21:42:21,up_60_30s.csv,10.45140815,0.47958946,0.44618705,0.8941925,0.5855897,0.45132697,0.8762233
2021:12:29:21:42:21,up_60_30s.csv,10.52022362,0.47960627,0.44619083,0.89580864,0.58558506,0.45130962,0.87786126
2021:12:29:21:42:22,up_60_30s.csv,10.5880425,0.4795953,0.44620097,0.8942422,0.58558553,0.4513228,0.8771074
2021:12:29:21:42:22,up_60_30s.csv,10.65187216,0.47961015,0.4461642,0.89939123,0.5855874,0.4513219,0.8769722
2021:12:29:21:42:22,up_60_30s.csv,10.72368002,0.47960278,0.44616777,0.8984146,0.5855957,0.45131305,0.87670404
2021:12:29:21:42:22,up_60_30s.csv,10.79349327,0.4796096,0.44616333,0.8989991,0.5856227,0.45131657,0.87288696
2021:12:29:21:42:22,up_60_30s.csv,10.85832167,0.47962138,0.4461565,0.9003823,0.58561605,0.45130715,0.8729728
2021:12:29:21:42:22,up_60_30s.csv,10.92214942,0.47960973,0.44615862,0.8999076,0.5855995,0.45132336,0.8749566
2021:12:29:21:42:22,up_60_30s.csv,10.98298621,0.47960967,0.4461646,0.8991986,0.5856035,0.45131075,0.87436676
2021:12:29:21:42:22,up_60_30s.csv,11.06277323,0.47958517,0.44618264,0.8955031,0.5855846,0.45133978,0.87600315
2021:12:29:21:42:22,up_60_30s.csv,11.12463689,0.47957826,0.44617084,0.8959892,0.5855794,0.4513246,0.8766818
2021:12:29:21:42:22,up_60_30s.csv,11.19841099,0.4795881,0.44618377,0.89622575,0.58556896,0.4513185,0.8792664
2021:12:29:21:42:22,up_60_30s.csv,11.27021933,0.4796516,0.44627798,0.8936313,0.58559996,0.4513647,0.8741524
2021:12:29:21:42:22,up_60_30s.csv,11.33005905,0.47965097,0.44627386,0.89436907,0.58558637,0.451371,0.87569195
2021:12:29:21:42:22,up_60_30s.csv,11.40186715,0.47964343,0.4462587,0.8942328,0.585581,0.4513569,0.8773083
2021:12:29:21:42:22,up_60_30s.csv,11.46370244,0.4796589,0.44626057,0.8960585,0.5855731,0.45136023,0.8778609
2021:12:29:21:42:22,up_60_30s.csv,11.5375042,0.47964686,0.44624737,0.8965265,0.58559513,0.45136043,0.8756466
2021:12:29:21:42:23,up_60_30s.csv,11.59933877,0.4796376,0.44624007,0.8966685,0.58558965,0.45136508,0.87579167
2021:12:29:21:42:23,up_60_30s.csv,11.67513633,0.47963756,0.44623423,0.89711636,0.5855976,0.45137504,0.87456656
2021:12:29:21:42:23,up_60_30s.csv,11.73497629,0.47964424,0.44621345,0.8978422,0.5856186,0.45138538,0.87017447
2021:12:29:21:42:23,up_60_30s.csv,11.79481649,0.4796454,0.4462167,0.8974725,0.5856113,0.45137557,0.87132204
2021:12:29:21:42:23,up_60_30s.csv,11.86865449,0.47963053,0.44623315,0.8956911,0.58562577,0.45139292,0.8692439
2021:12:29:21:42:23,up_60_30s.csv,11.93244886,0.47963113,0.4462404,0.89439565,0.5856188,0.45139995,0.8694906
2021:12:29:21:42:23,up_60_30s.csv,12.00824547,0.47964582,0.44623974,0.8962016,0.5856285,0.45140103,0.8679465
2021:12:29:21:42:23,up_60_30s.csv,12.07008028,0.47964358,0.4462525,0.89590037,0.58562297,0.4514202,0.8677135
2021:12:29:21:42:23,up_60_30s.csv,12.13191557,0.48329034,0.4462261,0.8989803,0.5856325,0.45140356,0.86601126
2021:12:29:21:42:23,up_60_30s.csv,12.22968268,0.47962132,0.4461813,0.8969406,0.5855871,0.45136958,0.8722157
2021:12:29:21:42:23,up_60_30s.csv,12.29847026,0.47963184,0.44618577,0.8983296,0.5855952,0.45136526,0.87170213
2021:12:29:21:42:23,up_60_30s.csv,12.37626171,0.47964954,0.4461875,0.8989187,0.5856002,0.4513751,0.86996704
2021:12:29:21:42:23,up_60_30s.csv,12.43610215,0.47965872,0.44618738,0.8990508,0.58559525,0.4513755,0.8706379
2021:12:29:21:42:23,up_60_30s.csv,12.50990534,0.47965118,0.44619605,0.8992655,0.5855787,0.45138508,0.87148064
2021:12:29:21:42:24,up_60_30s.csv,12.57373452,0.47965682,0.4461967,0.8988484,0.5855726,0.4513858,0.8726187
2021:12:29:21:42:24,up_60_30s.csv,12.63357472,0.47963798,0.44618544,0.8993631,0.58558285,0.45137927,0.87188643
2021:12:29:21:42:24,up_60_30s.csv,12.69942617,0.47965056,0.44621643,0.8964517,0.5855858,0.45136887,0.8708428
2021:12:29:21:42:24,up_60_30s.csv,12.76522326,0.47965685,0.44621548,0.8970833,0.58558536,0.4513774,0.87056524
2021:12:29:21:42:24,up_60_30s.csv,12.84205317,0.4796528,0.44621173,0.8970477,0.5855833,0.4513698,0.8705711
2021:12:29:21:42:24,up_60_30s.csv,12.90587449,0.47964066,0.44621244,0.89641464,0.58558476,0.45138478,0.8702638
2021:12:29:21:42:24,up_60_30s.csv,12.98068213,0.47963202,0.4462105,0.8961161,0.5855726,0.4513706,0.8725432
2021:12:29:21:42:24,up_60_30s.csv,13.06342554,0.4796183,0.44619521,0.89577556,0.5855784,0.45136622,0.87200636
2021:12:29:21:42:24,up_60_30s.csv,13.13725305,0.47961292,0.4462026,0.8946722,0.58557886,0.45136613,0.8715361
2021:12:29:21:42:24,up_60_30s.csv,13.21302533,0.47961634,0.4461951,0.89765465,0.5855622,0.45139015,0.87152934
2021:12:29:21:42:24,up_60_30s.csv,13.27685428,0.47960135,0.44616124,0.8997513,0.5855865,0.45139977,0.86810994
2021:12:29:21:42:24,up_60_30s.csv,13.34068394,0.47959968,0.44616628,0.8991185,0.585575,0.45140007,0.8696239
2021:12:29:21:42:24,up_60_30s.csv,13.40454841,0.47960976,0.44616297,0.90055776,0.58557814,0.4513952,0.8696151
2021:12:29:21:42:24,up_60_30s.csv,13.47632122,0.4795935,0.4461573,0.9002317,0.58557,0.4513909,0.8700037
2021:12:29:21:42:24,up_60_30s.csv,13.5401504,0.47959772,0.44615477,0.9008751,0.58558035,0.45139083,0.86881614
2021:12:29:21:42:25,up_60_30s.csv,13.61794233,0.4795878,0.44615617,0.8991549,0.5855756,0.45138463,0.8699709
2021:12:29:21:42:25,up_60_30s.csv,13.67977762,0.4795896,0.44615486,0.8999469,0.58557796,0.45139617,0.86970574
2021:12:29:21:42:25,up_60_30s.csv,13.74360704,0.47959477,0.44614804,0.9008257,0.58557177,0.4513982,0.87026227
2021:12:29:21:42:25,up_60_30s.csv,13.8094306,0.47960094,0.4461628,0.89934,0.5855663,0.4513825,0.8716668
2021:12:29:21:42:25,up_60_30s.csv,13.87126541,0.4796057,0.4461673,0.89914304,0.58556515,0.45138416,0.8715822
2021:12:29:21:42:25,up_60_30s.csv,13.95105195,0.47959563,0.44618174,0.8974683,0.5855614,0.45139116,0.8715173
2021:12:29:21:42:25,up_60_30s.csv,14.01492524,0.47959682,0.4461896,0.89722604,0.58557045,0.45138624,0.87091213
2021:12:29:21:42:25,up_60_30s.csv,14.08173347,0.47959912,0.44616377,0.899464,0.5855775,0.4513844,0.87057084
2021:12:29:21:42:25,up_60_30s.csv,14.16547942,0.4796141,0.4461834,0.89849985,0.5855808,0.45138475,0.8711846
2021:12:29:21:42:25,up_60_30s.csv,14.24127626,0.47960183,0.44620404,0.8935071,0.58558893,0.45144787,0.8682204
2021:12:29:21:42:25,up_60_30s.csv,14.30311084,0.4795763,0.4462197,0.88993007,0.5856006,0.45144835,0.8676668
2021:12:29:21:42:25,up_60_30s.csv,14.36494541,0.4795739,0.44622666,0.88933206,0.5856028,0.4514442,0.8677567
2021:12:29:21:42:25,up_60_30s.csv,14.43675375,0.4795962,0.4461874,0.8963449,0.5856327,0.45645744,0.86506784
2021:12:29:21:42:25,up_60_30s.csv,14.50058317,0.47959772,0.4461311,0.9012025,0.58562464,0.45145792,0.86511683
2021:12:29:21:42:25,up_60_30s.csv,14.57039618,0.47957385,0.4461383,0.89740545,0.5856591,0.45146397,0.8604587
2021:12:29:21:42:26,up_60_30s.csv,14.63426137,0.47957274,0.44604358,0.90233463,0.5856475,0.45646456,0.8633112
2021:12:29:21:42:26,up_60_30s.csv,14.69606066,0.47959542,0.446026,0.9061919,0.5856364,0.4514563,0.8641011
2021:12:29:21:42:26,up_60_30s.csv,14.76587486,0.47959137,0.4460317,0.90466875,0.5856558,0.45141512,0.8647048
2021:12:29:21:42:26,up_60_30s.csv,14.84266877,0.4796546,0.4460063,0.91068083,0.5856267,0.4514205,0.86761
2021:12:29:21:42:26,up_60_30s.csv,14.9035058,0.4796497,0.4460172,0.90952253,0.5856159,0.45142296,0.8687296
2021:12:29:21:42:26,up_60_30s.csv,14.96534085,0.48328748,0.446009,0.9112365,0.5856247,0.45144948,0.86627525
2021:12:29:21:42:26,up_60_30s.csv,15.02717566,0.47965288,0.44602594,0.9094143,0.5856327,0.4514348,0.8658687
2021:12:29:21:42:26,up_60_30s.csv,15.09898329,0.4796507,0.4460257,0.90946585,0.5856289,0.45143908,0.8658917
2021:12:29:21:42:26,up_60_30s.csv,15.16879654,0.4796436,0.44600707,0.9103246,0.5856561,0.45140615,0.86334985
2021:12:29:21:42:26,up_60_30s.csv,15.24658871,0.47965327,0.4460002,0.91186357,0.58566195,0.45139784,0.86347926
2021:12:29:21:42:26,up_60_30s.csv,15.31343794,0.4833194,0.446012,0.91907144,0.5857041,0.456481,0.8559033
2021:12:29:21:42:26,up_60_30s.csv,15.37524509,0.48332435,0.44601366,0.9193112,0.58570576,0.45648813,0.8553823
2021:12:29:21:42:26,up_60_30s.csv,15.43707943,0.4833298,0.44600213,0.9204993,0.58571243,0.45646158,0.8543824
2021:12:29:21:42:26,up_60_30s.csv,15.51487136,0.48332554,0.44600493,0.9199434,0.585714,0.45647517,0.8540092
2021:12:29:21:42:27,up_60_30s.csv,15.58069539,0.48331848,0.44599426,0.9195759,0.58571565,0.45647234,0.8542278
2021:12:29:21:42:27,up_60_30s.csv,15.64253044,0.48334104,0.44602084,0.92058897,0.5856969,0.45646897,0.8569085
2021:12:29:21:42:27,up_60_30s.csv,15.70237041,0.4833374,0.44602615,0.91969526,0.58569187,0.4564776,0.85691017
2021:12:29:21:42:27,up_60_30s.csv,15.76420546,0.48332053,0.44602352,0.9167924,0.5856857,0.45647952,0.85741174
2021:12:29:21:42:27,up_60_30s.csv,15.8320241,0.4833237,0.446004,0.91857797,0.5856973,0.45648003,0.8561637
2021:12:29:21:42:27,up_60_30s.csv,15.90283442,0.483318,0.44599295,0.9186052,0.5856759,0.45648733,0.85895354
2021:12:29:21:42:27,up_60_30s.csv,15.97264791,0.48329332,0.44601056,0.9135049,0.585666,0.45145717,0.8590423
2021:12:29:21:42:27,up_60_30s.csv,16.05243444,0.4833001,0.4460062,0.91542685,0.5856603,0.4514589,0.85925233
2021:12:29:21:42:27,up_60_30s.csv,16.13421607,0.48329517,0.44599286,0.9155721,0.58566654,0.45143196,0.86012113
2021:12:29:21:42:27,up_60_30s.csv,16.20004058,0.48328635,0.4459953,0.9148349,0.58565015,0.4514292,0.86217487
2021:12:29:21:42:27,up_60_30s.csv,16.26586699,0.4796269,0.44604617,0.90762854,0.5856394,0.45145926,0.8622038
2021:12:29:21:42:27,up_60_30s.csv,16.32670188,0.479624,0.44603476,0.90804774,0.5856598,0.45645967,0.8610703
2021:12:29:21:42:27,up_60_30s.csv,16.3955183,0.47964123,0.44603384,0.9085109,0.5856508,0.45146585,0.86064404
2021:12:29:21:42:27,up_60_30s.csv,16.45735216,0.47965714,0.44605163,0.9080518,0.58566785,0.45646846,0.860315
2021:12:29:21:42:27,up_60_30s.csv,16.52916074,0.4796493,0.4460571,0.90640724,0.58565104,0.45146176,0.86010104
2021:12:29:21:42:28,up_60_30s.csv,16.59897399,0.48329097,0.44602746,0.9077921,0.5856536,0.45145258,0.8614996
2021:12:29:21:42:28,up_60_30s.csv,16.67477107,0.47964692,0.44603792,0.9061482,0.58565694,0.4514576,0.8605762
2021:12:29:21:42:28,up_60_30s.csv,16.74361229,0.47961348,0.44602504,0.90467674,0.58569115,0.4564649,0.85840553
2021:12:29:21:42:28,up_60_30s.csv,16.8034277,0.47960255,0.44602737,0.9038888,0.585678,0.4514573,0.8599462
2021:12:29:21:42:28,up_60_30s.csv,16.87722969,0.4795816,0.44600144,0.90199244,0.5894175,0.456549,0.8543017
2021:12:29:21:42:28,up_60_30s.csv,16.94105911,0.47958994,0.44600543,0.90258,0.5894142,0.45656148,0.8536292
2021:12:29:21:42:28,up_60_30s.csv,17.00488806,0.47958943,0.44600195,0.90265,0.5894178,0.45656133,0.8536483
2021:12:29:21:42:28,up_60_30s.csv,17.06672335,0.4795791,0.44600916,0.90145326,0.5857091,0.45652387,0.855577
2021:12:29:21:42:28,up_60_30s.csv,17.12656355,0.47958738,0.44600242,0.903005,0.585707,0.45651728,0.85658044
2021:12:29:21:42:28,up_60_30s.csv,17.18839812,0.47959796,0.4460087,0.90387625,0.5857043,0.45652896,0.85654914
2021:12:29:21:42:28,up_60_30s.csv,17.2502327,0.47960818,0.44600332,0.9048812,0.58941877,0.45649055,0.8534821
2021:12:29:21:42:28,up_60_30s.csv,17.3180511,0.47964644,0.4459926,0.9083155,0.5894214,0.456474,0.85417986
2021:12:29:21:42:28,up_60_30s.csv,17.38587022,0.47965074,0.44598135,0.90908754,0.5894304,0.45645452,0.85396487
2021:12:29:21:42:28,up_60_30s.csv,17.44873047,0.4796431,0.44597945,0.90843254,0.5857112,0.45144317,0.8547132
2021:12:29:21:42:28,up_60_30s.csv,17.51555109,0.47964758,0.44598725,0.908847,0.5857087,0.4514172,0.857425
2021:12:29:21:42:29,up_60_30s.csv,17.57739544,0.4796528,0.44599164,0.90934706,0.5857046,0.45141962,0.85743153
2021:12:29:21:42:29,up_60_30s.csv,17.64118719,0.4796591,0.4459904,0.91030407,0.58570856,0.4514293,0.8565195
2021:12:29:21:42:29,up_60_30s.csv,17.70501685,0.48328876,0.4411369,0.91262627,0.5856996,0.45145467,0.8558572
2021:12:29:21:42:29,up_60_30s.csv,17.7688458,0.47965947,0.4411484,0.9108753,0.58569926,0.45145145,0.8557476
2021:12:29:21:42:29,up_60_30s.csv,17.84464359,0.4832962,0.4411351,0.91435134,0.5857053,0.45141122,0.8579163
2021:12:29:21:42:29,up_60_30s.csv,17.90847301,0.4832978,0.44113874,0.91456336,0.585687,0.45142254,0.8589566
2021:12:29:21:42:29,up_60_30s.csv,17.9723022,0.47966462,0.44598135,0.91157705,0.5856846,0.451426,0.8594594
2021:12:29:21:42:29,up_60_30s.csv,18.03613138,0.48328692,0.4459768,0.91158646,0.58570147,0.45145732,0.855363
2021:12:29:21:42:29,up_60_30s.csv,18.09796667,0.47965905,0.44597805,0.91092426,0.58570105,0.45145524,0.8550017
2021:12:29:21:42:29,up_60_30s.csv,18.1757586,0.47964168,0.44598573,0.9088416,0.58569807,0.45139614,0.8596761
2021:12:29:21:42:29,up_60_30s.csv,18.23759294,0.4833255,0.4411481,0.9162283,0.5857095,0.45140553,0.85555434
2021:12:29:21:42:29,up_60_30s.csv,18.30344534,0.48330802,0.44598174,0.9132494,0.5857146,0.45138705,0.8565283
2021:12:29:21:42:29,up_60_30s.csv,18.3682723,0.48329622,0.44597957,0.9116984,0.5857112,0.45138595,0.85655624
2021:12:29:21:42:29,up_60_30s.csv,18.43210149,0.48329887,0.44598252,0.9119693,0.5857091,0.45139396,0.8560246
2021:12:29:21:42:29,up_60_30s.csv,18.50687313,0.4833074,0.4459988,0.913058,0.5857103,0.45141247,0.8554378
2021:12:29:21:42:29,up_60_30s.csv,18.5687077,0.48330697,0.44598806,0.91291153,0.5857174,0.45139533,0.85553926
2021:12:29:21:42:30,up_60_30s.csv,18.6325376,0.4833127,0.4459806,0.91460615,0.5894285,0.45142603,0.8537125
2021:12:29:21:42:30,up_60_30s.csv,18.71431851,0.48330578,0.4459875,0.9132044,0.58942574,0.45145246,0.8524946
2021:12:29:21:42:30,up_60_30s.csv,18.79410553,0.48330483,0.44598216,0.91384196,0.5894297,0.4514441,0.852872
2021:12:29:21:42:30,up_60_30s.csv,18.86790848,0.48331606,0.4459796,0.91459703,0.5894356,0.45145303,0.85137784
2021:12:29:21:42:30,up_60_30s.csv,18.94570422,0.48331347,0.44598284,0.91470784,0.5894306,0.45145446,0.8516435
2021:12:29:21:42:30,up_60_30s.csv,19.0115664,0.48331016,0.4459977,0.91299057,0.5894325,0.45145664,0.8518116
2021:12:29:21:42:30,up_60_30s.csv,19.07136393,0.48331532,0.44598976,0.91327906,0.58942986,0.45144558,0.852165
2021:12:29:21:42:30,up_60_30s.csv,19.13519382,0.48330474,0.44597828,0.9129292,0.5894166,0.451445,0.8530783
2021:12:29:21:42:30,up_60_30s.csv,19.20005751,0.4833169,0.44597942,0.91492254,0.58571565,0.45141765,0.8537257
2021:12:29:21:42:30,up_60_30s.csv,19.27581763,0.48330945,0.44598824,0.91364944,0.5857176,0.45142332,0.8532539
2021:12:29:21:42:30,up_60_30s.csv,19.33765244,0.48329467,0.44602218,0.9069095,0.5856918,0.45140806,0.8595139
2021:12:29:21:42:30,up_60_30s.csv,19.40148163,0.48329744,0.44602343,0.9069846,0.58569056,0.45139647,0.86046153
2021:12:29:21:42:30,up_60_30s.csv,19.47328949,0.483287,0.44602582,0.90559244,0.585691,0.4513922,0.8608636
2021:12:29:21:42:30,up_60_30s.csv,19.53512454,0.48329848,0.4460137,0.9087264,0.58567834,0.4513868,0.8627356
2021:12:29:21:42:31,up_60_30s.csv,19.60693264,0.48329633,0.44601905,0.9070873,0.58568126,0.45146406,0.8565962
2021:12:29:21:42:31,up_60_30s.csv,19.68472433,0.48328683,0.44600806,0.9062217,0.58566916,0.4514425,0.859192
2021:12:29:21:42:31,up_60_30s.csv,19.75254297,0.4832893,0.44601625,0.9066235,0.58567876,0.4514623,0.8567117
2021:12:29:21:42:31,up_60_30s.csv,19.8223567,0.47964066,0.44603446,0.9031226,0.58565503,0.45145085,0.86058235
2021:12:29:21:42:31,up_60_30s.csv,19.89416456,0.4796435,0.44603497,0.9032029,0.58565795,0.4514502,0.8599277
2021:12:29:21:42:31,up_60_30s.csv,19.96397829,0.47964302,0.446047,0.90366375,0.58564395,0.45142668,0.86309683
2021:12:29:21:42:31,up_60_30s.csv,20.02381825,0.47965366,0.44604972,0.9048828,0.58565044,0.4514097,0.8631374
2021:12:29:21:42:31,up_60_30s.csv,20.10462976,0.47966462,0.4460359,0.9071706,0.5856578,0.4514194,0.8614087
2021:12:29:21:42:31,up_60_30s.csv,20.18039966,0.48328975,0.4460272,0.90811026,0.58565134,0.45141357,0.8623723
2021:12:29:21:42:31,up_60_30s.csv,20.24622321,0.47965866,0.44604617,0.90628946,0.58565354,0.45141172,0.862181
2021:12:29:21:42:31,up_60_30s.csv,20.3080585,0.4796003,0.44603136,0.90235114,0.5856634,0.4514444,0.85977334
2021:12:29:21:42:31,up_60_30s.csv,20.37388182,0.47962615,0.44604543,0.90313977,0.58565557,0.45145196,0.8599016
2021:12:29:21:42:31,up_60_30s.csv,20.43771148,0.47960207,0.44605368,0.90060186,0.58566517,0.4514405,0.859614
2021:12:29:21:42:31,up_60_30s.csv,20.50553036,0.47962695,0.44604576,0.9035356,0.5856639,0.4514186,0.8606924
2021:12:29:21:42:31,up_60_30s.csv,20.56936026,0.47960657,0.44604144,0.9024207,0.5856736,0.45144063,0.8577656
2021:12:29:21:42:32,up_60_30s.csv,20.63119435,0.47960985,0.44604757,0.9014685,0.5856349,0.45140648,0.86370236
2021:12:29:21:42:32,up_60_30s.csv,20.69901347,0.4796146,0.44605315,0.9010205,0.58564466,0.45143306,0.86111563
2021:12:29:21:42:32,up_60_30s.csv,20.76882744,0.47959387,0.44605136,0.9000327,0.585649,0.45143095,0.86085624
2021:12:29:21:42:32,up_60_30s.csv,20.83265615,0.4796054,0.44605199,0.90074784,0.5856424,0.45142648,0.8619854
2021:12:29:21:42:32,up_60_30s.csv,20.90446377,0.4795931,0.44606143,0.8990511,0.5856507,0.45142415,0.8615485
2021:12:29:21:42:32,up_60_30s.csv,20.98229146,0.47959137,0.44605187,0.8998463,0.58564633,0.45143032,0.86157185
2021:12:29:21:42:32,up_60_30s.csv,21.05010605,0.4795983,0.4460567,0.90040225,0.58564615,0.45142883,0.8621366
2021:12:29:21:42:32,up_60_30s.csv,21.12388134,0.47960088,0.44605404,0.9012134,0.58566606,0.45143694,0.8599814
2021:12:29:21:42:32,up_60_30s.csv,21.1897018,0.4796006,0.44605964,0.90092045,0.58565724,0.45142698,0.8614478
2021:12:29:21:42:32,up_60_30s.csv,21.25951481,0.47960263,0.44607052,0.90062165,0.5856549,0.45142323,0.8616661
2021:12:29:21:42:32,up_60_30s.csv,21.33331823,0.4796186,0.44604015,0.90232825,0.5856713,0.4514454,0.8584453
2021:12:29:21:42:32,up_60_30s.csv,21.41213465,0.47964177,0.4460428,0.9044511,0.58564854,0.45143238,0.86250263
2021:12:29:21:42:32,up_60_30s.csv,21.4739728,0.47964722,0.44604146,0.9045083,0.5856496,0.4514377,0.8625893
2021:12:29:21:42:32,up_60_30s.csv,21.53580523,0.4796417,0.44604027,0.9041011,0.58565325,0.451434,0.86197793
2021:12:29:21:42:33,up_60_30s.csv,21.60060263,0.4796394,0.44604272,0.904065,0.5856437,0.4514244,0.8634649
2021:12:29:21:42:33,up_60_30s.csv,21.6664269,0.47962964,0.44603908,0.9036565,0.5856445,0.4514493,0.8619807
2021:12:29:21:42:33,up_60_30s.csv,21.72826195,0.47961497,0.44602832,0.90354955,0.585658,0.45142096,0.861984
2021:12:29:21:42:33,up_60_30s.csv,21.78909898,0.47961745,0.44602206,0.90463376,0.5856554,0.45142588,0.86156565
2021:12:29:21:42:33,up_60_30s.csv,21.85891294,0.4796228,0.44601303,0.9050089,0.5856478,0.45142108,0.8625853
2021:12:29:21:42:33,up_60_30s.csv,21.92077518,0.4796137,0.4459769,0.9074002,0.5856438,0.45138782,0.8649273
2021:12:29:21:42:33,up_60_30s.csv,21.98457623,0.47961578,0.44599563,0.9054648,0.58562225,0.45139107,0.8667929
2021:12:29:21:42:33,up_60_30s.csv,22.04951668,0.47959352,0.44601464,0.9023105,0.5856282,0.45139414,0.8662758
2021:12:29:21:42:33,up_60_30s.csv,22.12919021,0.4795954,0.44601932,0.90232176,0.5856306,0.4513913,0.8661616
2021:12:29:21:42:33,up_60_30s.csv,22.20598865,0.47961283,0.44600827,0.9043357,0.58562696,0.45141453,0.865358
2021:12:29:21:42:33,up_60_30s.csv,22.26984262,0.47958365,0.44605646,0.8970475,0.5856251,0.45142984,0.8649344
2021:12:29:21:42:33,up_60_30s.csv,22.34760594,0.4795797,0.4460356,0.89689696,0.585637,0.45648977,0.8639302
2021:12:29:21:42:33,up_60_30s.csv,22.40944076,0.4796016,0.44603223,0.89913887,0.58564335,0.45649552,0.8622314
2021:12:29:21:42:33,up_60_30s.csv,22.48324299,0.47960302,0.44604045,0.90000325,0.58565307,0.45648658,0.8616419
2021:12:29:21:42:33,up_60_30s.csv,22.54707241,0.4796114,0.44608682,0.89844054,0.58566517,0.45650867,0.8591665
2021:12:29:21:42:34,up_60_30s.csv,22.6109395,0.4796192,0.4460822,0.8994971,0.58567303,0.45650718,0.8574929
2021:12:29:21:42:34,up_60_30s.csv,22.68969131,0.4796126,0.44608346,0.8993989,0.58567137,0.4564886,0.8580283
2021:12:29:21:42:34,up_60_30s.csv,22.75152612,0.4796371,0.44613373,0.89806587,0.5856661,0.4564794,0.8591848
2021:12:29:21:42:34,up_60_30s.csv,22.82233691,0.479631,0.44612226,0.8978701,0.5856754,0.45646688,0.8574468
2021:12:29:21:42:34,up_60_30s.csv,22.89214993,0.47964668,0.44614398,0.89737356,0.5856775,0.45647982,0.85738534
2021:12:29:21:42:34,up_60_30s.csv,22.95597935,0.47965065,0.44612598,0.89918834,0.5856709,0.4564658,0.8580717
2021:12:29:21:42:34,up_60_30s.csv,23.01980877,0.48329738,0.44606754,0.90574425,0.5856831,0.45145503,0.85647273
2021:12:29:21:42:34,up_60_30s.csv,23.08363867,0.48330134,0.44607848,0.9049091,0.5856877,0.45144188,0.8560806
2021:12:29:21:42:34,up_60_30s.csv,23.15943551,0.48330635,0.446095,0.9043733,0.5856746,0.4514642,0.85671115
2021:12:29:21:42:34,up_60_30s.csv,23.23423624,0.4833119,0.4460999,0.9047923,0.5856788,0.45645785,0.8562555
2021:12:29:21:42:34,up_60_30s.csv,23.29706812,0.48331276,0.44614422,0.9016108,0.58943844,0.45653832,0.84785146
2021:12:29:21:42:34,up_60_30s.csv,23.37286544,0.48331642,0.44613376,0.9032954,0.58944327,0.4565345,0.8478105
2021:12:29:21:42:34,up_60_30s.csv,23.43470025,0.48332927,0.44610578,0.9069427,0.5894414,0.45653385,0.8480955
2021:12:29:21:42:34,up_60_30s.csv,23.49653435,0.48332807,0.44614917,0.9038247,0.5857129,0.45655438,0.85063976
2021:12:29:21:42:34,up_60_30s.csv,23.57233191,0.48331204,0.4461443,0.90258193,0.5894203,0.45659265,0.8493682
2021:12:29:21:42:35,up_60_30s.csv,23.63616109,0.48330474,0.4461426,0.90095216,0.5894186,0.45657322,0.8497861
2021:12:29:21:42:35,up_60_30s.csv,23.69999075,0.47964993,0.4461399,0.8981283,0.5856759,0.4565794,0.85601616
2021:12:29:21:42:35,up_60_30s.csv,23.76381993,0.47965303,0.44615376,0.89749765,0.5856675,0.45658162,0.85702384
2021:12:29:21:42:35,up_60_30s.csv,23.83163834,0.4796072,0.44615397,0.89413494,0.5856636,0.45658085,0.85766023
2021:12:29:21:42:35,up_60_30s.csv,23.89447093,0.4796336,0.44612145,0.8988095,0.5856668,0.45654488,0.85835767
2021:12:29:21:42:35,up_60_30s.csv,23.96827364,0.47960755,0.44612288,0.89564747,0.58567065,0.45655674,0.8576939
2021:12:29:21:42:35,up_60_30s.csv,24.03010774,0.47958335,0.446099,0.89509547,0.5856584,0.45652264,0.8603643
2021:12:29:21:42:35,up_60_30s.csv,24.09593201,0.47958368,0.44610208,0.8957323,0.5856445,0.4565186,0.862647
2021:12:29:21:42:35,up_60_30s.csv,24.1717298,0.47960088,0.44610247,0.8965555,0.5856512,0.45649758,0.8603058
2021:12:29:21:42:35,up_60_30s.csv,24.23356438,0.47959903,0.4461046,0.89589804,0.58565587,0.45648837,0.8599951
2021:12:29:21:42:35,up_60_30s.csv,24.30537224,0.47961658,0.44609377,0.8975045,0.5856659,0.45649418,0.85904276
2021:12:29:21:42:35,up_60_30s.csv,24.36720681,0.47959113,0.44606277,0.8988029,0.58564246,0.45139194,0.866136
2021:12:29:21:42:35,up_60_30s.csv,24.42904162,0.47959372,0.44607314,0.8985981,0.58564544,0.4513829,0.8661932
2021:12:29:21:42:35,up_60_30s.csv,24.49287081,0.4795783,0.446077,0.8968475,0.58564425,0.45137396,0.8663349
2021:12:29:21:42:35,up_60_30s.csv,24.56467867,0.47957224,0.4460751,0.8962503,0.5856445,0.45137644,0.86654377
2021:12:29:21:42:36,up_60_30s.csv,24.62451887,0.47957844,0.44606364,0.8981202,0.5856369,0.45140025,0.86587733
2021:12:29:21:42:36,up_60_30s.csv,24.69632697,0.47957873,0.44607314,0.89696753,0.58565694,0.4513969,0.86364853
2021:12:29:21:42:36,up_60_30s.csv,24.76015615,0.4795813,0.4460805,0.8969326,0.5856549,0.45137075,0.86529344
2021:12:29:21:42:36,up_60_30s.csv,24.82797527,0.47961813,0.44607046,0.9014824,0.5856789,0.4514183,0.86045635
2021:12:29:21:42:36,up_60_30s.csv,24.89080763,0.47962242,0.44606504,0.902326,0.58567727,0.4514171,0.86082613
2021:12:29:21:42:36,up_60_30s.csv,24.95164466,0.4796107,0.44608793,0.89847136,0.5856859,0.4514222,0.85883814
2021:12:29:21:42:36,up_60_30s.csv,25.01750374,0.47961435,0.44609547,0.8985159,0.5856877,0.4514461,0.85728604
2021:12:29:21:42:36,up_60_30s.csv,25.09825325,0.47963426,0.446087,0.90146303,0.5857163,0.45142707,0.85444033
2021:12:29:21:42:36,up_60_30s.csv,25.17305326,0.4796358,0.44607753,0.90199906,0.5857138,0.45143196,0.8542351
2021:12:29:21:42:36,up_60_30s.csv,25.23488832,0.47966042,0.44609562,0.9033467,0.585698,0.45138845,0.8578864
2021:12:29:21:42:36,up_60_30s.csv,25.30868983,0.4796474,0.4461009,0.90324056,0.58570796,0.45140073,0.85639334
2021:12:29:21:42:36,up_60_30s.csv,25.38049793,0.47966483,0.4460768,0.9036845,0.5857031,0.4564642,0.8547987
2021:12:29:21:42:36,up_60_30s.csv,25.44233322,0.48329145,0.44607794,0.90377426,0.58568084,0.451455,0.85733455
2021:12:29:21:42:36,up_60_30s.csv,25.50419569,0.48331118,0.4460744,0.90667415,0.5857047,0.45645732,0.85441595
2021:12:29:21:42:37,up_60_30s.csv,25.57797074,0.48330367,0.4460483,0.90835327,0.5857045,0.45646673,0.85389197
2021:12:29:21:42:37,up_60_30s.csv,25.63980532,0.48330885,0.44604853,0.9086983,0.5857145,0.45646617,0.85247934
2021:12:29:21:42:37,up_60_30s.csv,25.70164037,0.4833054,0.4460485,0.9083586,0.5894177,0.45648596,0.8520734
2021:12:29:21:42:37,up_60_30s.csv,25.77743745,0.4832967,0.44607225,0.90591776,0.58570236,0.45647365,0.85474974
2021:12:29:21:42:37,up_60_30s.csv,25.83931518,0.4832955,0.4460858,0.90439975,0.58570117,0.45645776,0.85434556
2021:12:29:21:42:37,up_60_30s.csv,25.90110707,0.48328558,0.44608137,0.9034997,0.58568984,0.45145765,0.8551577
2021:12:29:21:42:37,up_60_30s.csv,25.96493602,0.47966114,0.4460911,0.90321255,0.58568686,0.45145136,0.85601735
2021:12:29:21:42:37,up_60_30s.csv,26.03474975,0.47964686,0.44610736,0.90178394,0.58568454,0.45145583,0.85681087
2021:12:29:21:42:37,up_60_30s.csv,26.1125412,0.47965637,0.446104,0.903002,0.585666,0.45144972,0.8593007
2021:12:29:21:42:37,up_60_30s.csv,26.17836499,0.48330405,0.44609532,0.90597004,0.58567023,0.45144325,0.8589639
2021:12:29:21:42:37,up_60_30s.csv,26.24219418,0.48330912,0.44609094,0.9065781,0.5856818,0.45145983,0.8562381
2021:12:29:21:42:37,up_60_30s.csv,26.3040297,0.48329875,0.44609883,0.90464747,0.58568114,0.45145422,0.8570195
2021:12:29:21:42:37,up_60_30s.csv,26.38182116,0.4833195,0.4460774,0.90968275,0.585677,0.45142403,0.8582082
2021:12:29:21:42:37,up_60_30s.csv,26.44864297,0.48334527,0.44608355,0.91279966,0.5856848,0.4514146,0.85789126
2021:12:29:21:42:37,up_60_30s.csv,26.51147485,0.48334384,0.4460924,0.9117389,0.58567494,0.45141923,0.8588721
2021:12:29:21:42:38,up_60_30s.csv,26.57530403,0.48333916,0.44611153,0.9097676,0.58568174,0.4514299,0.85844326
2021:12:29:21:42:38,up_60_30s.csv,26.63816381,0.48334178,0.4461111,0.9097285,0.58567107,0.4514229,0.8606447
2021:12:29:21:42:38,up_60_30s.csv,26.71194291,0.48332116,0.4460838,0.9084949,0.58566433,0.45143172,0.86112285
2021:12:29:21:42:38,up_60_30s.csv,26.77180862,0.4833149,0.44608945,0.90745056,0.5856555,0.45143473,0.86248285
2021:12:29:21:42:38,up_60_30s.csv,26.83560848,0.4833191,0.4461108,0.9056686,0.5856495,0.4514375,0.86274344
2021:12:29:21:42:38,up_60_30s.csv,26.89846826,0.48331773,0.4461047,0.90715367,0.58565104,0.45144144,0.86263114
2021:12:29:21:42:38,up_60_30s.csv,26.97024822,0.48330358,0.44611543,0.9042253,0.58564633,0.45144758,0.863227
2021:12:29:21:42:38,up_60_30s.csv,27.0320828,0.48331305,0.44610506,0.9059814,0.58564913,0.45146084,0.8613725
2021:12:29:21:42:38,up_60_30s.csv,27.10788107,0.48330396,0.4460971,0.9058931,0.58564854,0.4514418,0.86105776
2021:12:29:21:42:38,up_60_30s.csv,27.16971564,0.48330128,0.44609722,0.9052446,0.58565104,0.45144132,0.8613364
2021:12:29:21:42:38,up_60_30s.csv,27.23154998,0.4832954,0.44609144,0.9046154,0.5856464,0.4514429,0.8616493
2021:12:29:21:42:38,up_60_30s.csv,27.29338431,0.4832883,0.44608885,0.9040298,0.5856416,0.45142096,0.86296165
2021:12:29:21:42:38,up_60_30s.csv,27.35920906,0.47957993,0.44608447,0.89840364,0.5856402,0.45141864,0.86447257
2021:12:29:21:42:38,up_60_30s.csv,27.43205476,0.47957212,0.44607818,0.89845455,0.5856348,0.45144004,0.86360407
2021:12:29:21:42:38,up_60_30s.csv,27.51180029,0.4795743,0.4460825,0.89881164,0.5856403,0.45144022,0.86303
2021:12:29:21:42:39,up_60_30s.csv,27.57363558,0.4795488,0.4460848,0.89656806,0.5856301,0.45144162,0.8640461
2021:12:29:21:42:39,up_60_30s.csv,27.63547015,0.47954348,0.44608456,0.8950984,0.58563364,0.45143494,0.86462003
2021:12:29:21:42:39,up_60_30s.csv,27.70531607,0.47955063,0.4460887,0.89572674,0.5856285,0.45144963,0.8642479
2021:12:29:21:42:39,up_60_30s.csv,27.76716018,0.47956094,0.4460872,0.8967647,0.58563006,0.4514448,0.864234
2021:12:29:21:42:39,up_60_30s.csv,27.82994986,0.47956076,0.44610035,0.89649814,0.5856142,0.45145845,0.86524826
2021:12:29:21:42:39,up_60_30s.csv,27.89377999,0.4795666,0.4460957,0.89663666,0.58562833,0.45645595,0.8644451
2021:12:29:21:42:39,up_60_30s.csv,27.95361948,0.47957647,0.44607282,0.9001148,0.5856144,0.45144856,0.8656711
2021:12:29:21:42:39,up_60_30s.csv,28.02143812,0.47957504,0.44607267,0.8996941,0.5856141,0.4514474,0.8659433
2021:12:29:21:42:39,up_60_30s.csv,28.08327293,0.47956622,0.4460743,0.89832044,0.58559936,0.4514303,0.8675108
2021:12:29:21:42:39,up_60_30s.csv,28.14710259,0.4795866,0.4460788,0.9010917,0.58559966,0.45142272,0.86749566
2021:12:29:21:42:39,up_60_30s.csv,28.20893669,0.47959912,0.44606778,0.9028272,0.58562523,0.4514611,0.8618812
2021:12:29:21:42:39,up_60_30s.csv,28.27476096,0.4795892,0.44606596,0.9020854,0.585631,0.45145178,0.86256063
2021:12:29:21:42:39,up_60_30s.csv,28.33659601,0.47957525,0.44604474,0.9021476,0.5856117,0.4514375,0.86481905
2021:12:29:21:42:39,up_60_30s.csv,28.39843082,0.47960672,0.44611153,0.898977,0.5856039,0.4513997,0.8659601
2021:12:29:21:42:39,up_60_30s.csv,28.46832871,0.47960442,0.44613034,0.8968867,0.5855964,0.4514225,0.8656334
2021:12:29:21:42:39,up_60_30s.csv,28.54703283,0.4795802,0.44610482,0.8976868,0.5856093,0.45145902,0.86090523
2021:12:29:21:42:40,up_60_30s.csv,28.61285734,0.4795804,0.44610876,0.89701545,0.585623,0.45145577,0.86005646
2021:12:29:21:42:40,up_60_30s.csv,28.67668653,0.47955626,0.44609004,0.89619255,0.5856261,0.45646113,0.86021596
2021:12:29:21:42:40,up_60_30s.csv,28.7365272,0.4795607,0.4460958,0.896081,0.5856238,0.4514613,0.8594599
2021:12:29:21:42:40,up_60_30s.csv,28.79836082,0.47953612,0.44612128,0.89074355,0.5856314,0.4514587,0.86031
2021:12:29:21:42:40,up_60_30s.csv,28.87814784,0.4795313,0.4461046,0.8920748,0.5856242,0.45146388,0.86099565
2021:12:29:21:42:40,up_60_30s.csv,28.94197702,0.4795442,0.44610572,0.8930612,0.5856414,0.45646036,0.859707
2021:12:29:21:42:40,up_60_30s.csv,29.00181746,0.47954902,0.44610524,0.89403796,0.58563876,0.45649797,0.85885584
2021:12:29:21:42:40,up_60_30s.csv,29.06564641,0.47954977,0.44610876,0.8934742,0.5856426,0.45650873,0.85806924
2021:12:29:21:42:40,up_60_30s.csv,29.15740609,0.4795892,0.44610223,0.8965622,0.58566517,0.45645854,0.8559416
2021:12:29:21:42:40,up_60_30s.csv,29.2192502,0.4795845,0.44610026,0.8963063,0.5856664,0.45645964,0.8556607
2021:12:29:21:42:40,up_60_30s.csv,29.28806663,0.47958088,0.44609562,0.89652985,0.5856685,0.45645702,0.85529554
2021:12:29:21:42:40,up_60_30s.csv,29.35987377,0.47957885,0.44609758,0.896947,0.5856626,0.45647007,0.8567845
2021:12:29:21:42:40,up_60_30s.csv,29.42869449,0.47958556,0.44606513,0.9017201,0.58563507,0.45142618,0.8616449
2021:12:29:21:42:40,up_60_30s.csv,29.49650884,0.47959843,0.44606358,0.90303946,0.585635,0.45143417,0.8605652
2021:12:29:21:42:40,up_60_30s.csv,29.56033826,0.4795845,0.4460936,0.89833707,0.5856396,0.45143253,0.8603328
2021:12:29:21:42:41,up_60_30s.csv,29.63414073,0.47959316,0.44610962,0.8974451,0.5856483,0.45143047,0.85863787
2021:12:29:21:42:41,up_60_30s.csv,29.70594883,0.47960025,0.44610152,0.89910394,0.5856287,0.45142224,0.86108595
2021:12:29:21:42:41,up_60_30s.csv,29.76977849,0.47959802,0.4460713,0.90250903,0.585617,0.45141345,0.86360514
2021:12:29:21:42:41,up_60_30s.csv,29.83361125,0.47958484,0.4460935,0.89944744,0.58560824,0.4514222,0.86354434
2021:12:29:21:42:41,up_60_30s.csv,29.90741014,0.47959104,0.44609028,0.90095824,0.58560693,0.45142016,0.86374986
2021:12:29:21:42:41,up_60_30s.csv,29.97522879,0.47958985,0.44609657,0.8998468,0.58561057,0.45141616,0.8640901
2021:12:29:21:42:41,up_60_30s.csv,30.03905797,0.47958773,0.44610083,0.8995736,0.58560586,0.45141137,0.86454415
2021:12:29:21:42:41,up_60_30s.csv,30.11685061,0.47957417,0.4461145,0.89686596,0.5855914,0.4514083,0.86687386
2021:12:29:21:42:41,up_60_30s.csv,30.1806798,0.4795917,0.44612208,0.8980212,0.58559495,0.45142645,0.86548793
2021:12:29:21:42:41,up_60_30s.csv,30.24750519,0.47958583,0.44611564,0.898421,0.58559686,0.45140582,0.86573607
2021:12:29:21:42:41,up_60_30s.csv,30.32728791,0.47959003,0.44613588,0.89820826,0.5855858,0.45142663,0.86633295
2021:12:29:21:42:41,up_60_30s.csv,30.39311218,0.47954473,0.44610047,0.8974412,0.58559257,0.45140186,0.86740077
2021:12:29:21:42:41,up_60_30s.csv,30.46691442,0.47953802,0.44610494,0.8958281,0.5855878,0.4514061,0.8675416
2021:12:29:21:42:41,up_60_30s.csv,30.53077412,0.47953707,0.44610894,0.89553314,0.5855928,0.4514035,0.8666569
2021:12:29:21:42:42,up_60_30s.csv,30.61850905,0.47955734,0.44611782,0.8968266,0.5855841,0.45141053,0.86700684
2021:12:29:21:42:42,up_60_30s.csv,30.70029092,0.47955474,0.44610414,0.89695054,0.5855893,0.45139316,0.8679669
2021:12:29:21:42:42,up_60_30s.csv,30.7641201,0.47955894,0.44611594,0.8966085,0.58559704,0.45137888,0.8675782
2021:12:29:21:42:42,up_60_30s.csv,30.82595468,0.47956273,0.44610107,0.8981084,0.5855984,0.45138386,0.86695164
2021:12:29:21:42:42,up_60_30s.csv,30.89776254,0.47956544,0.44608828,0.89930236,0.5856007,0.451387,0.8669896
2021:12:29:21:42:42,up_60_30s.csv,30.97555447,0.47956187,0.44608715,0.89938045,0.58560103,0.45139444,0.8663067
2021:12:29:21:42:42,up_60_30s.csv,31.0413785,0.47955823,0.44609013,0.8990555,0.5856168,0.45141077,0.86247814
2021:12:29:21:42:42,up_60_30s.csv,31.10321355,0.47955975,0.4460777,0.89903736,0.5855915,0.45138654,0.86686605
2021:12:29:21:42:42,up_60_30s.csv,31.17502141,0.4795752,0.44608194,0.900743,0.58558875,0.45138857,0.8673698
2021:12:29:21:42:42,up_60_30s.csv,31.24084949,0.47956052,0.44608998,0.8985941,0.5855911,0.4513724,0.86881006
2021:12:29:21:42:42,up_60_30s.csv,31.31066298,0.47957766,0.44607264,0.90208244,0.5855954,0.45136184,0.8684734
2021:12:29:21:42:42,up_60_30s.csv,31.3924408,0.47954005,0.44603434,0.9016122,0.5855836,0.45139262,0.8704863
2021:12:29:21:42:42,up_60_30s.csv,31.46624279,0.47954538,0.4460284,0.9027155,0.585587,0.4513891,0.87035507
2021:12:29:21:42:42,up_60_30s.csv,31.5440352,0.47956005,0.44602627,0.9038147,0.58558315,0.4513827,0.8712541
2021:12:29:21:42:43,up_60_30s.csv,31.60985923,0.47956023,0.4460337,0.90367514,0.5855803,0.45137888,0.8707945
2021:12:29:21:42:43,up_60_30s.csv,31.66969943,0.47956923,0.44603506,0.904221,0.58557963,0.45137537,0.8713595
2021:12:29:21:42:43,up_60_30s.csv,31.73352838,0.47953984,0.44603634,0.90135074,0.5855942,0.45135772,0.8710229
2021:12:29:21:42:43,up_60_30s.csv,31.7973578,0.47954133,0.44603196,0.9015787,0.5855995,0.4513579,0.87050086
2021:12:29:21:42:43,up_60_30s.csv,31.88612008,0.47953245,0.44603655,0.90045726,0.5855911,0.4513746,0.8704594
2021:12:29:21:42:43,up_60_30s.csv,31.94795561,0.47953832,0.4460469,0.9003845,0.58559936,0.45136297,0.8705217
2021:12:29:21:42:43,up_60_30s.csv,32.02175856,0.47953618,0.44604182,0.90051806,0.5855991,0.45136142,0.87000644
2021:12:29:21:42:43,up_60_30s.csv,32.09157109,0.47954127,0.44606048,0.8993929,0.5856032,0.4513761,0.869787
2021:12:29:21:42:43,up_60_30s.csv,32.16736841,0.4795632,0.44604248,0.902826,0.58560675,0.45136517,0.8700174
2021:12:29:21:42:43,up_60_30s.csv,32.24516034,0.47956964,0.44609153,0.90077055,0.58558995,0.45137408,0.8705321
2021:12:29:21:42:43,up_60_30s.csv,32.30699563,0.47959143,0.4460822,0.9041421,0.5856004,0.45136645,0.8697765
2021:12:29:21:42:43,up_60_30s.csv,32.36683559,0.4796482,0.44613764,0.9027177,0.5855866,0.45136052,0.8735815
2021:12:29:21:42:43,up_60_30s.csv,32.42867064,0.47964448,0.4461469,0.9018135,0.585588,0.45136702,0.8733752
2021:12:29:21:42:43,up_60_30s.csv,32.50446796,0.4796532,0.44613117,0.9038124,0.5855855,0.45134294,0.8742404
2021:12:29:21:42:43,up_60_30s.csv,32.56630206,0.4832858,0.44613254,0.90204656,0.58558476,0.4513447,0.8748582
2021:12:29:21:42:44,up_60_30s.csv,32.62813735,0.47965848,0.44616365,0.9000152,0.5855753,0.45134956,0.87548447
2021:12:29:21:42:44,up_60_30s.csv,32.70792389,0.47965914,0.44617698,0.89913464,0.58559334,0.45138812,0.8717216
2021:12:29:21:42:44,up_60_30s.csv,32.78970528,0.47966018,0.4461706,0.8995676,0.585588,0.45138133,0.87259656
2021:12:29:21:42:44,up_60_30s.csv,32.86949205,0.47965193,0.44617733,0.8987961,0.58557945,0.45138213,0.8730851
2021:12:29:21:42:44,up_60_30s.csv,32.92933178,0.48328975,0.44616255,0.9011756,0.5855897,0.45142978,0.87024546
2021:12:29:21:42:44,up_60_30s.csv,33.00313449,0.47964582,0.4461697,0.89964634,0.5855914,0.4514303,0.8704861
2021:12:29:21:42:44,up_60_30s.csv,33.0649693,0.47966334,0.44617918,0.8996033,0.5855918,0.45144695,0.86987925
2021:12:29:21:42:44,up_60_30s.csv,33.1367774,0.4832881,0.44617856,0.8995154,0.5855892,0.45143768,0.8701006
2021:12:29:21:42:44,up_60_30s.csv,33.20659065,0.47966537,0.4462007,0.89781594,0.58558524,0.45144564,0.86948377
2021:12:29:21:42:44,up_60_30s.csv,33.27042007,0.48328707,0.44617596,0.900331,0.5855906,0.45144346,0.8690932
2021:12:29:21:42:44,up_60_30s.csv,33.33424926,0.47965595,0.44618642,0.8994737,0.58558846,0.45142564,0.86977446
2021:12:29:21:42:44,up_60_30s.csv,33.41403604,0.47964874,0.44619268,0.8974536,0.5856232,0.4514546,0.86440724
2021:12:29:21:42:44,up_60_30s.csv,33.49581718,0.47963637,0.44618115,0.8976867,0.58561945,0.45144716,0.86542237
2021:12:29:21:42:44,up_60_30s.csv,33.55765676,0.47966143,0.4461745,0.9001587,0.5856225,0.45143172,0.8661588
2021:12:29:21:42:45,up_60_30s.csv,33.62747002,0.47963464,0.44616783,0.8990992,0.58561444,0.4514399,0.8661412
2021:12:29:21:42:45,up_60_30s.csv,33.69728327,0.47964692,0.4461679,0.8995951,0.58561647,0.4514393,0.86631763
2021:12:29:21:42:45,up_60_30s.csv,33.75911808,0.4796313,0.44615954,0.898926,0.5856164,0.4514417,0.8663391
2021:12:29:21:42:45,up_60_30s.csv,33.82494211,0.4796651,0.44617277,0.9006555,0.5856214,0.45144165,0.8657757
2021:12:29:21:42:45,up_60_30s.csv,33.88478184,0.47963288,0.44616488,0.89938354,0.5856184,0.4514422,0.8655721
2021:12:29:21:42:45,up_60_30s.csv,33.9665637,0.47962534,0.44615573,0.9001511,0.58562213,0.45144504,0.86499465
2021:12:29:21:42:45,up_60_30s.csv,34.04435539,0.47962534,0.44615573,0.9001511,0.58562213,0.45144504,0.86499465
2021:12:29:21:42:45,up_60_30s.csv,34.1061902,0.47961754,0.44618374,0.8968661,0.58562016,0.4514528,0.86517453
2021:12:29:21:42:45,up_60_30s.csv,34.16802454,0.4796038,0.4462047,0.8942053,0.5856208,0.45145702,0.8655142
2021:12:29:21:42:45,up_60_30s.csv,34.23983312,0.4796003,0.4462036,0.8939376,0.58560103,0.4514639,0.8674099
2021:12:29:21:42:45,up_60_30s.csv,34.31563044,0.47959206,0.4462197,0.89210165,0.5856247,0.4564669,0.865441
2021:12:29:21:42:45,up_60_30s.csv,34.37746501,0.479584,0.44620767,0.8909434,0.58560514,0.45144174,0.8687992
2021:12:29:21:42:45,up_60_30s.csv,34.43929958,0.47961357,0.44617704,0.8975909,0.5855841,0.45141268,0.8701223
2021:12:29:21:42:45,up_60_30s.csv,34.50113869,0.47961226,0.44616437,0.89868987,0.5855932,0.4514122,0.8696083
2021:12:29:21:42:45,up_60_30s.csv,34.56297398,0.47959936,0.4461617,0.89740086,0.58559644,0.4513972,0.8702
2021:12:29:21:42:46,up_60_30s.csv,34.63677669,0.4795973,0.446148,0.89836824,0.5856077,0.45140427,0.86831194
2021:12:29:21:42:46,up_60_30s.csv,34.69861102,0.4796079,0.4461514,0.8991351,0.5855964,0.45140663,0.8698293
2021:12:29:21:42:46,up_60_30s.csv,34.76842427,0.4795878,0.44616723,0.89561206,0.58558196,0.45141628,0.871549
2021:12:29:21:42:46,up_60_30s.csv,34.84222722,0.47958803,0.4461514,0.8964322,0.5855827,0.4514159,0.87191767
2021:12:29:21:42:46,up_60_30s.csv,34.90605617,0.47958001,0.4461437,0.89712995,0.5855844,0.45142356,0.8711142
2021:12:29:21:42:46,up_60_30s.csv,34.96789098,0.4795825,0.44614777,0.8964116,0.5855786,0.45142654,0.8724039
2021:12:29:21:42:46,up_60_30s.csv,35.02972627,0.47958016,0.44614014,0.8966538,0.58558387,0.4514262,0.87147015
2021:12:29:21:42:46,up_60_30s.csv,35.1035285,0.47959825,0.44617128,0.8958814,0.5855881,0.451437,0.8716652
2021:12:29:21:42:46,up_60_30s.csv,35.16536307,0.47959808,0.4461647,0.89673126,0.5855887,0.4514371,0.8712629
2021:12:29:21:42:46,up_60_30s.csv,35.22719836,0.4796,0.4461915,0.89354926,0.5855848,0.45144963,0.8715219
2021:12:29:21:42:46,up_60_30s.csv,35.29900599,0.47958747,0.4462048,0.8908367,0.5855784,0.45145503,0.8717696
2021:12:29:21:42:46,up_60_30s.csv,35.3608408,0.4795897,0.44621068,0.8915215,0.5855824,0.45146608,0.87006086
2021:12:29:21:42:46,up_60_30s.csv,35.45260024,0.47966135,0.446186,0.9013864,0.5856412,0.45649782,0.8625408
2021:12:29:21:42:46,up_60_30s.csv,35.51443505,0.47964534,0.44618675,0.90135074,0.585636,0.45649928,0.8635479
2021:12:29:21:42:47,up_60_30s.csv,35.59621692,0.47965816,0.4461957,0.90075004,0.5856353,0.456488,0.8636156
2021:12:29:21:42:47,up_60_30s.csv,35.6560564,0.47964573,0.44618052,0.9014995,0.58564067,0.4564909,0.86305803
2021:12:29:21:42:47,up_60_30s.csv,35.71789098,0.4796377,0.44617945,0.9003526,0.5856537,0.4565231,0.8604167
2021:12:29:21:42:47,up_60_30s.csv,35.78371501,0.4796466,0.44617897,0.9005128,0.58566356,0.4565053,0.8599488
2021:12:29:21:42:47,up_60_30s.csv,35.85951233,0.4832972,0.44616666,0.9045179,0.58566874,0.4564594,0.8602158
2021:12:29:21:42:47,up_60_30s.csv,35.91935682,0.483311,0.44616407,0.90576077,0.5856707,0.45146376,0.8589804
2021:12:29:21:42:47,up_60_30s.csv,35.9811914,0.4833394,0.44618702,0.9065375,0.58567625,0.45649177,0.858792
2021:12:29:21:42:47,up_60_30s.csv,36.04900599,0.4833329,0.4461995,0.90488875,0.58567226,0.45650107,0.85871786
2021:12:29:21:42:47,up_60_30s.csv,36.12281251,0.48336196,0.44620413,0.9067798,0.5856916,0.4565096,0.8560347
2021:12:29:21:42:47,up_60_30s.csv,36.1846478,0.48336792,0.44620648,0.9072356,0.5856842,0.45651665,0.8571857
2021:12:29:21:42:47,up_60_30s.csv,36.26642489,0.4833784,0.4462048,0.9084075,0.5857075,0.4565108,0.85430473
2021:12:29:21:42:47,up_60_30s.csv,36.33424401,0.48332536,0.4462088,0.9021058,0.5856878,0.45653138,0.85628057
2021:12:29:21:42:47,up_60_30s.csv,36.39607859,0.48333338,0.44619873,0.90413374,0.58569086,0.4565143,0.85590225
2021:12:29:21:42:47,up_60_30s.csv,36.45990729,0.48333517,0.44620565,0.90405047,0.58571607,0.45647773,0.85397613
2021:12:29:21:42:47,up_60_30s.csv,36.52972126,0.48334536,0.44620472,0.90536284,0.58571124,0.45647678,0.85433346
2021:12:29:21:42:48,up_60_30s.csv,36.60352349,0.48333755,0.4461762,0.9076928,0.5857145,0.45649645,0.85385936
2021:12:29:21:42:48,up_60_30s.csv,36.66336417,0.4833337,0.44617847,0.90785396,0.58941275,0.45651475,0.8534465
2021:12:29:21:42:48,up_60_30s.csv,36.74315023,0.48334154,0.44618985,0.9068978,0.5857119,0.45649573,0.85412467
2021:12:29:21:42:48,up_60_30s.csv,36.81495833,0.4833264,0.44618654,0.9055832,0.58571446,0.4564817,0.85433614
2021:12:29:21:42:48,up_60_30s.csv,36.88078213,0.48332846,0.44617715,0.90641236,0.58941436,0.4564984,0.85389346
2021:12:29:21:42:48,up_60_30s.csv,36.95658398,0.48333406,0.44620392,0.90469927,0.5856937,0.45647347,0.8570752
2021:12:29:21:42:48,up_60_30s.csv,37.03038287,0.48333123,0.4462072,0.90451115,0.5856831,0.45648986,0.85805476
2021:12:29:21:42:48,up_60_30s.csv,37.10219049,0.48331308,0.44619754,0.90254444,0.5856725,0.45651886,0.85840446
2021:12:29:21:42:48,up_60_30s.csv,37.16402602,0.48330936,0.44619653,0.9016941,0.58564705,0.4514639,0.8617609
2021:12:29:21:42:48,up_60_30s.csv,37.23583341,0.48329365,0.446179,0.9020109,0.5856528,0.45647115,0.8623076
2021:12:29:21:42:48,up_60_30s.csv,37.29966283,0.483311,0.44618097,0.9053676,0.5856273,0.4514502,0.8654946
2021:12:29:21:42:48,up_60_30s.csv,37.3694756,0.4833313,0.44618064,0.9089712,0.5856341,0.45144236,0.8661046
2021:12:29:21:42:48,up_60_30s.csv,37.44926238,0.4833172,0.44611534,0.9138871,0.5856312,0.45143196,0.8674041
2021:12:29:21:42:48,up_60_30s.csv,37.51512265,0.48330936,0.44613484,0.9108367,0.58563036,0.45143798,0.86733294
2021:12:29:21:42:49,up_60_30s.csv,37.58190799,0.48331457,0.44613552,0.91206634,0.58563083,0.45143515,0.8677563
2021:12:29:21:42:49,up_60_30s.csv,37.64174795,0.4833157,0.44614556,0.9112862,0.5856156,0.45142478,0.8696071
2021:12:29:21:42:49,up_60_30s.csv,37.70757198,0.483346,0.44613644,0.9149956,0.5856075,0.45143336,0.8695672
2021:12:29:21:42:49,up_60_30s.csv,37.77140141,0.48335105,0.44613457,0.9159012,0.585623,0.45142084,0.86847407
2021:12:29:21:42:49,up_60_30s.csv,37.8412149,0.4833382,0.44614348,0.9135948,0.58562225,0.45144746,0.8670253
2021:12:29:21:42:49,up_60_30s.csv,37.90304947,0.48331615,0.44614223,0.9108828,0.5856207,0.45143926,0.86801684
2021:12:29:21:42:49,up_60_30s.csv,37.9728632,0.48331523,0.44614127,0.9105223,0.5856225,0.45143786,0.8674506
2021:12:29:21:42:49,up_60_30s.csv,38.03669238,0.48332274,0.4461507,0.9111338,0.5856197,0.4514417,0.86722505
2021:12:29:21:42:49,up_60_30s.csv,38.09852695,0.4833385,0.44615576,0.9134426,0.585625,0.45144683,0.8665655
2021:12:29:21:42:49,up_60_30s.csv,38.17033505,0.48333022,0.4461373,0.9143405,0.58562773,0.45143604,0.8669435
2021:12:29:21:42:49,up_60_30s.csv,38.234164,0.48332086,0.4461359,0.9133552,0.5856139,0.45144695,0.8680124
2021:12:29:21:42:49,up_60_30s.csv,38.3099618,0.48332217,0.4461499,0.9126845,0.5856339,0.4514449,0.8657059
2021:12:29:21:42:49,up_60_30s.csv,38.37179637,0.48333132,0.4461429,0.9142575,0.58563155,0.45145443,0.8658655
2021:12:29:21:42:49,up_60_30s.csv,38.43363142,0.48330802,0.4462011,0.90505916,0.5856596,0.45647973,0.8638097
2021:12:29:21:42:49,up_60_30s.csv,38.5094285,0.4833257,0.4461798,0.9092955,0.5856709,0.45647225,0.8621257
2021:12:29:21:42:50,up_60_30s.csv,38.57325792,0.48332074,0.44617277,0.9106153,0.58567464,0.45648304,0.8612412
2021:12:29:21:42:50,up_60_30s.csv,38.63509274,0.48332062,0.44618642,0.9089288,0.58566874,0.45647544,0.86191416
2021:12:29:21:42:50,up_60_30s.csv,38.71487927,0.48331285,0.44618705,0.90807194,0.5856656,0.4564794,0.8623715
2021:12:29:21:42:50,up_60_30s.csv,38.7807076,0.48332196,0.44619858,0.90787154,0.5856645,0.4564685,0.8630955
2021:12:29:21:42:50,up_60_30s.csv,38.84652734,0.48331892,0.446194,0.90825796,0.5856684,0.45647624,0.86262923
2021:12:29:21:42:50,up_60_30s.csv,38.90836215,0.48331586,0.44619834,0.90743303,0.5856654,0.4564746,0.86305094
2021:12:29:21:42:50,up_60_30s.csv,38.97019672,0.48332843,0.44620848,0.9087428,0.58566976,0.45647913,0.8620651
2021:12:29:21:42:50,up_60_30s.csv,39.03203177,0.48331428,0.44621697,0.9057161,0.5856563,0.45648253,0.8637261
2021:12:29:21:42:50,up_60_30s.csv,39.09985042,0.4833264,0.4462209,0.907079,0.5856518,0.45646775,0.86439544
2021:12:29:21:42:50,up_60_30s.csv,39.17368126,0.4833129,0.44620883,0.9060723,0.5856492,0.45649037,0.8648211
2021:12:29:21:42:50,up_60_30s.csv,39.23648477,0.48330253,0.44619006,0.9060342,0.5856427,0.45648405,0.8656984
2021:12:29:21:42:50,up_60_30s.csv,39.30031443,0.4833077,0.4461929,0.9067293,0.58564144,0.45651004,0.86472815
2021:12:29:21:42:50,up_60_30s.csv,39.37012768,0.48330548,0.44620797,0.90414494,0.5856271,0.456512,0.86622757
2021:12:29:21:42:50,up_60_30s.csv,39.43395782,0.48334357,0.446191,0.90935504,0.5856444,0.45146504,0.8634569
2021:12:29:21:42:50,up_60_30s.csv,39.49379754,0.48333743,0.4461869,0.9087726,0.58564705,0.45646137,0.8641877
2021:12:29:21:42:50,up_60_30s.csv,39.55363703,0.4833214,0.44619176,0.906524,0.58563465,0.45145354,0.86463326
2021:12:29:21:42:51,up_60_30s.csv,39.62145567,0.48331964,0.44618452,0.9075446,0.58564895,0.45647052,0.86331326
2021:12:29:21:42:51,up_60_30s.csv,39.70323753,0.48328796,0.44616744,0.90508217,0.5856265,0.45144883,0.866241
2021:12:29:21:42:51,up_60_30s.csv,39.77504492,0.4833038,0.4461684,0.90682817,0.5856259,0.4514444,0.8667245
2021:12:29:21:42:51,up_60_30s.csv,39.83688021,0.48329675,0.44615895,0.9070907,0.5856184,0.45144314,0.867258
2021:12:29:21:42:51,up_60_30s.csv,39.89871526,0.4796601,0.44617385,0.9034426,0.58560276,0.45144376,0.86767346
2021:12:29:21:42:51,up_60_30s.csv,39.97451282,0.4832819,0.4461345,0.90755266,0.5855878,0.4514624,0.8678575
2021:12:29:21:42:51,up_60_30s.csv,40.03634667,0.4796562,0.446149,0.9063235,0.58559066,0.45146406,0.86766297
2021:12:29:21:42:51,up_60_30s.csv,40.11214399,0.47964314,0.44611672,0.90734273,0.58559054,0.45144138,0.8695272
2021:12:29:21:42:51,up_60_30s.csv,40.17597723,0.47965217,0.4461026,0.9084076,0.5855858,0.45144156,0.8702751
2021:12:29:21:42:51,up_60_30s.csv,40.23581386,0.4796527,0.44611552,0.90704334,0.58559114,0.4514313,0.87049747
2021:12:29:21:42:51,up_60_30s.csv,40.30163693,0.4832816,0.44610572,0.9084888,0.5855948,0.45142937,0.86953324
2021:12:29:21:42:51,up_60_30s.csv,40.35948277,0.4796462,0.4460963,0.9083003,0.5856027,0.45144022,0.8680924
2021:12:29:21:42:51,up_60_30s.csv,40.44724822,0.47962728,0.44615072,0.9027091,0.58559614,0.45141,0.87061346
2021:12:29:21:42:51,up_60_30s.csv,40.51107812,0.47963178,0.44616115,0.90277165,0.58559823,0.45141506,0.870588
2021:12:29:21:42:52,up_60_30s.csv,40.57291222,0.4796251,0.44616458,0.901769,0.58559304,0.45141974,0.87102157
2021:12:29:21:42:52,up_60_30s.csv,40.64870977,0.47963145,0.44618464,0.899547,0.5855879,0.4514279,0.8717336
2021:12:29:21:42:52,up_60_30s.csv,40.71453357,0.47963735,0.44619033,0.8998117,0.58558035,0.45141765,0.8729405
2021:12:29:21:42:52,up_60_30s.csv,40.78634167,0.4796459,0.4461736,0.9026998,0.58557624,0.45140955,0.874522
2021:12:29:21:42:52,up_60_30s.csv,40.84618163,0.47963434,0.44615942,0.90310866,0.5855832,0.45141816,0.8730788
2021:12:29:21:42:52,up_60_30s.csv,40.91001105,0.4796463,0.44613725,0.90559477,0.5855945,0.4513872,0.87421477
2021:12:29:21:42:52,up_60_30s.csv,40.97982454,0.47964844,0.4461462,0.9058235,0.58559644,0.45139062,0.87390924
2021:12:29:21:42:52,up_60_30s.csv,41.04166341,0.47964877,0.44613987,0.9065197,0.5855794,0.45138848,0.8753505
2021:12:29:21:42:52,up_60_30s.csv,41.10549259,0.47965539,0.4461553,0.9053112,0.5855955,0.45141786,0.87249005
2021:12:29:21:42:52,up_60_30s.csv,41.16931868,0.47965714,0.44617623,0.9038323,0.5855803,0.45142728,0.87325335
2021:12:29:21:42:52,up_60_30s.csv,41.23314691,0.47965667,0.4461749,0.9041178,0.5855789,0.45143527,0.873132
2021:12:29:21:42:52,up_60_30s.csv,41.30595255,0.479662,0.44618505,0.90397674,0.585598,0.4564654,0.8716964
2021:12:29:21:42:52,up_60_30s.csv,41.36978316,0.4832886,0.44618645,0.9044728,0.5855787,0.4514607,0.87235206
2021:12:29:21:42:52,up_60_30s.csv,41.43361449,0.4832862,0.44619057,0.9044626,0.5855891,0.45648,0.87289476
2021:12:29:21:42:52,up_60_30s.csv,41.50342488,0.48328936,0.44617683,0.9058296,0.5856022,0.4564591,0.87107605
2021:12:29:21:42:52,up_60_30s.csv,41.56526399,0.47966492,0.44618192,0.903973,0.5855934,0.45647523,0.8714843
2021:12:29:21:42:53,up_60_30s.csv,41.6270988,0.4832866,0.44614995,0.908911,0.5855995,0.45647782,0.87051976
2021:12:29:21:42:53,up_60_30s.csv,41.69292212,0.48329768,0.44615328,0.9100878,0.5856027,0.45646662,0.8702369
2021:12:29:21:42:53,up_60_30s.csv,41.7667253,0.48328215,0.44614694,0.9086319,0.58559567,0.45650077,0.8710276
2021:12:29:21:42:53,up_60_30s.csv,41.82856441,0.48328716,0.4461369,0.910399,0.5855916,0.4564956,0.8713752
2021:12:29:21:42:53,up_60_30s.csv,41.90036821,0.4833035,0.44614932,0.9113466,0.5856037,0.456505,0.86954933
2021:12:29:21:42:53,up_60_30s.csv,41.96622038,0.48331213,0.44612598,0.9145049,0.5856154,0.45648167,0.8683447
2021:12:29:21:42:53,up_60_30s.csv,42.04099178,0.48330235,0.44611326,0.9138579,0.58561105,0.45647597,0.86876553
2021:12:29:21:42:53,up_60_30s.csv,42.10482097,0.48334303,0.44612965,0.9184787,0.5855945,0.45648012,0.8709648
2021:12:29:21:42:53,up_60_30s.csv,42.16865087,0.4833427,0.4461248,0.91813195,0.5855909,0.45646647,0.8709099
2021:12:29:21:42:53,up_60_30s.csv,42.24444771,0.4833417,0.44613025,0.9180558,0.585606,0.45647633,0.8694084
2021:12:29:21:42:53,up_60_30s.csv,42.30628252,0.483352,0.44613984,0.9184091,0.5856012,0.456468,0.86991966
2021:12:29:21:42:53,up_60_30s.csv,42.37011242,0.48336428,0.44613087,0.9210629,0.5856004,0.456488,0.86943656
2021:12:29:21:42:53,up_60_30s.csv,42.43793106,0.48336697,0.44613987,0.9206336,0.5856037,0.45649105,0.86875504
2021:12:29:21:42:53,up_60_30s.csv,42.49976587,0.48332852,0.44611794,0.9188535,0.5855983,0.45647225,0.86948264
2021:12:29:21:42:54,up_60_30s.csv,42.57556248,0.48334208,0.44613248,0.9194494,0.5856017,0.45646882,0.86887836
2021:12:29:21:42:54,up_60_30s.csv,42.63939214,0.48332277,0.44610715,0.91979635,0.5855908,0.45146555,0.8690666
2021:12:29:21:42:54,up_60_30s.csv,42.70322132,0.48332852,0.4461068,0.92045915,0.5856037,0.45645776,0.8688512
2021:12:29:21:42:54,up_60_30s.csv,42.76306152,0.48334184,0.4460998,0.92273414,0.5855937,0.45145246,0.8711647
2021:12:29:21:42:54,up_60_30s.csv,42.82290149,0.48336026,0.4461186,0.92306584,0.5855912,0.4564546,0.87132275
2021:12:29:21:42:54,up_60_30s.csv,42.89470959,0.4833521,0.4461197,0.9220822,0.58558273,0.45145565,0.8713877
2021:12:29:21:42:54,up_60_30s.csv,42.95654416,0.48335454,0.4461222,0.92161,0.5855952,0.45645434,0.87098205
2021:12:29:21:42:54,up_60_30s.csv,43.02436328,0.4833501,0.4461327,0.92020726,0.58559406,0.4564661,0.871326
2021:12:29:21:42:54,up_60_30s.csv,43.08819199,0.48334104,0.44613642,0.9189076,0.5855792,0.4564696,0.8735358
2021:12:29:21:42:54,up_60_30s.csv,43.1650157,0.4833504,0.44614187,0.91999656,0.58557236,0.45646405,0.8736907
2021:12:29:21:42:54,up_60_30s.csv,43.22682214,0.48335955,0.44613674,0.92222667,0.5855697,0.45646986,0.8741689
2021:12:29:21:42:54,up_60_30s.csv,43.28865671,0.48335296,0.44612354,0.92217314,0.58557606,0.45646593,0.87319905
2021:12:29:21:42:54,up_60_30s.csv,43.36046457,0.4833477,0.4461212,0.9216639,0.5855754,0.45646724,0.87349236
2021:12:29:21:42:54,up_60_30s.csv,43.42229915,0.48334992,0.44612932,0.92064035,0.5855786,0.4564786,0.8739567
2021:12:29:21:42:54,up_60_30s.csv,43.49011803,0.48332205,0.44614586,0.91476864,0.5855817,0.45142567,0.8727447
2021:12:29:21:42:54,up_60_30s.csv,43.55793667,0.48331773,0.44615307,0.91400194,0.5855841,0.45142832,0.8727958
2021:12:29:21:42:55,up_60_30s.csv,43.61977124,0.4833204,0.44613734,0.91506404,0.58558995,0.45143777,0.87129027
2021:12:29:21:42:55,up_60_30s.csv,43.68160653,0.48332134,0.44615525,0.914348,0.58558506,0.4514488,0.87131184
2021:12:29:21:42:55,up_60_30s.csv,43.74543524,0.48329198,0.44614682,0.9107825,0.5855798,0.45145953,0.8712556
2021:12:29:21:42:55,up_60_30s.csv,43.81125975,0.4832968,0.44613263,0.91285497,0.58557284,0.45143148,0.8725978
2021:12:29:21:42:55,up_60_30s.csv,43.87309432,0.4832981,0.44613186,0.9127605,0.58557045,0.45143986,0.8723996
2021:12:29:21:42:55,up_60_30s.csv,43.93293476,0.48328504,0.44613212,0.91085285,0.5855698,0.45143905,0.87295157
2021:12:29:21:42:55,up_60_30s.csv,44.0007813,0.47963947,0.44612867,0.90811497,0.58558017,0.45141298,0.87413746
2021:12:29:21:42:55,up_60_30s.csv,44.06059337,0.4796512,0.4461266,0.9092438,0.5855718,0.45141456,0.8751134
2021:12:29:21:42:55,up_60_30s.csv,44.13240194,0.4796559,0.4461408,0.9089283,0.58558065,0.4514153,0.8735633
2021:12:29:21:42:55,up_60_30s.csv,44.20420861,0.48328793,0.44617385,0.9067976,0.5855673,0.45140615,0.87589693
2021:12:29:21:42:55,up_60_30s.csv,44.2660439,0.48328146,0.4461706,0.9057593,0.585575,0.45141464,0.8748235
2021:12:29:21:42:55,up_60_30s.csv,44.32987428,0.47966403,0.44616807,0.9067943,0.5855755,0.45142242,0.8742978
2021:12:29:21:42:55,up_60_30s.csv,44.39173555,0.4796626,0.44616413,0.9066206,0.58556825,0.45141053,0.8752961
2021:12:29:21:42:55,up_60_30s.csv,44.46653605,0.47966114,0.4461724,0.9060648,0.58557767,0.45138752,0.87579775
2021:12:29:21:42:55,up_60_30s.csv,44.5263834,0.47966173,0.44617596,0.90585905,0.58557534,0.45138296,0.8762322
2021:12:29:21:42:56,up_60_30s.csv,44.60114861,0.4832808,0.44617292,0.9063043,0.58558077,0.45137456,0.876179
2021:12:29:21:42:56,up_60_30s.csv,44.66098809,0.4796658,0.4461696,0.9072249,0.5855719,0.45140293,0.8756379
2021:12:29:21:42:56,up_60_30s.csv,44.7228229,0.47966692,0.44617745,0.90742946,0.5855653,0.4514082,0.87583077
2021:12:29:21:42:56,up_60_30s.csv,44.80460453,0.47965923,0.44616097,0.9082891,0.5855685,0.45141086,0.87504876
2021:12:29:21:42:56,up_60_30s.csv,44.86843419,0.47965923,0.44616097,0.9082891,0.5855685,0.45141086,0.87504876
2021:12:29:21:42:56,up_60_30s.csv,44.9382472,0.4832817,0.4461289,0.9113668,0.58556646,0.45140845,0.8742397
2021:12:29:21:42:56,up_60_30s.csv,44.99808669,0.47965622,0.44616646,0.9072578,0.58555794,0.4514276,0.87434435
2021:12:29:21:42:56,up_60_30s.csv,45.05792665,0.4796483,0.4461584,0.90780413,0.585557,0.45142895,0.87405306
2021:12:29:21:42:56,up_60_30s.csv,45.12175608,0.47964793,0.44615778,0.90848404,0.5855708,0.4514263,0.8731494
2021:12:29:21:42:56,up_60_30s.csv,45.18558574,0.4796471,0.44610214,0.9127022,0.58555585,0.4514389,0.8734721
2021:12:29:21:42:56,up_60_30s.csv,45.24941468,0.47965094,0.4460953,0.91338515,0.5855499,0.45143735,0.8738705
2021:12:29:21:42:56,up_60_30s.csv,45.31124949,0.47963947,0.44609812,0.9125517,0.58555746,0.45144004,0.872795
2021:12:29:21:42:56,up_60_30s.csv,45.37507892,0.47963378,0.44608286,0.9130691,0.58556384,0.45143014,0.8729338
2021:12:29:21:42:56,up_60_30s.csv,45.43890882,0.4796202,0.4460771,0.9123595,0.58555776,0.45143992,0.8723016
2021:12:29:21:42:56,up_60_30s.csv,45.50074339,0.48328176,0.4461152,0.90978634,0.5855766,0.4514632,0.872168
2021:12:29:21:42:56,up_60_30s.csv,45.56058335,0.47966707,0.4461186,0.9107629,0.58558786,0.45646006,0.871112
2021:12:29:21:42:57,up_60_30s.csv,45.62241817,0.48328415,0.44611105,0.91133815,0.5855964,0.45645735,0.87071097
2021:12:29:21:42:57,up_60_30s.csv,45.6882422,0.48329073,0.44611427,0.9118319,0.5855913,0.4514611,0.8704566
2021:12:29:21:42:57,up_60_30s.csv,45.75805497,0.4832939,0.44610685,0.9122068,0.58559704,0.45145044,0.87086946
2021:12:29:21:42:57,up_60_30s.csv,45.82986307,0.4832889,0.44611374,0.91095877,0.5856002,0.45145917,0.8692874
2021:12:29:21:42:57,up_60_30s.csv,45.89571285,0.48328516,0.4461158,0.90977335,0.58560723,0.4564625,0.8691951
2021:12:29:21:42:57,up_60_30s.csv,45.97148466,0.4833007,0.44614017,0.9108533,0.5856055,0.4564647,0.8704655
2021:12:29:21:42:57,up_60_30s.csv,46.03132439,0.48331016,0.4461712,0.90970755,0.58560365,0.4564753,0.8701366
2021:12:29:21:42:57,up_60_30s.csv,46.09717751,0.4833087,0.44617793,0.90917176,0.5856068,0.45647305,0.8706186
2021:12:29:21:42:57,up_60_30s.csv,46.16301894,0.4833049,0.44617915,0.90811896,0.5856191,0.45645478,0.86899066
2021:12:29:21:42:57,up_60_30s.csv,46.23478055,0.4833121,0.44618216,0.90867186,0.58560586,0.451463,0.8688055
2021:12:29:21:42:57,up_60_30s.csv,46.29761267,0.48331308,0.44617474,0.9102654,0.58559275,0.45145857,0.8699777
2021:12:29:21:42:57,up_60_30s.csv,46.36144209,0.48331136,0.4461676,0.9101402,0.5855905,0.45145643,0.87004906
2021:12:29:21:42:57,up_60_30s.csv,46.42726612,0.48331267,0.44618192,0.9094031,0.58560926,0.4564561,0.8691306
2021:12:29:21:42:57,up_60_30s.csv,46.4910953,0.48330706,0.44617766,0.9086783,0.58559036,0.45145953,0.870756
2021:12:29:21:42:57,up_60_30s.csv,46.55293012,0.4832884,0.44615874,0.90696716,0.58556294,0.4514166,0.8750418
2021:12:29:21:42:58,up_60_30s.csv,46.620749,0.48328906,0.44615322,0.9075167,0.58555865,0.4514375,0.8735875
2021:12:29:21:42:58,up_60_30s.csv,46.68457818,0.4832843,0.44615337,0.90673316,0.5855608,0.45145404,0.8726752
2021:12:29:21:42:58,up_60_30s.csv,46.74840784,0.48328868,0.44615105,0.9075533,0.5855711,0.45144713,0.8726248
2021:12:29:21:42:58,up_60_30s.csv,46.81024218,0.48328578,0.44614455,0.90811604,0.585569,0.4514482,0.8725353
2021:12:29:21:42:58,up_60_30s.csv,46.87407207,0.47966343,0.4461302,0.9087035,0.5855589,0.45145637,0.8729914
2021:12:29:21:42:58,up_60_30s.csv,46.93790102,0.48328456,0.44613898,0.9080796,0.58555716,0.45144728,0.8738317
2021:12:29:21:42:58,up_60_30s.csv,46.99774146,0.483287,0.44612968,0.908537,0.58556736,0.4564594,0.87275356
2021:12:29:21:42:58,up_60_30s.csv,47.07353878,0.47966525,0.44614097,0.90880144,0.5855673,0.45646974,0.873145
2021:12:29:21:42:58,up_60_30s.csv,47.13537383,0.48328367,0.44612318,0.9099452,0.5855639,0.4514657,0.87206095
2021:12:29:21:42:58,up_60_30s.csv,47.19720769,0.47966498,0.44613203,0.909583,0.58556664,0.45146343,0.8719029
2021:12:29:21:42:58,up_60_30s.csv,47.27400279,0.47965777,0.44613642,0.9084721,0.5855755,0.45146263,0.8717643
2021:12:29:21:42:58,up_60_30s.csv,47.3348403,0.47966293,0.44615075,0.9075792,0.5855704,0.4514611,0.87222636
2021:12:29:21:42:58,up_60_30s.csv,47.40268874,0.4832878,0.4461399,0.90994585,0.5855634,0.4514652,0.8721308
2021:12:29:21:42:58,up_60_30s.csv,47.47646117,0.48331267,0.44613814,0.9133396,0.5855708,0.45645842,0.8726058
2021:12:29:21:42:58,up_60_30s.csv,47.53829646,0.48333085,0.44614723,0.91591954,0.585587,0.45146152,0.87103766
2021:12:29:21:42:59,up_60_30s.csv,47.60013056,0.48333526,0.44615462,0.91673636,0.58559537,0.45145825,0.8706508
2021:12:29:21:42:59,up_60_30s.csv,47.67393351,0.48333973,0.44615915,0.91668123,0.58559823,0.45645666,0.87064874
2021:12:29:21:42:59,up_60_30s.csv,47.73576832,0.4833844,0.44617444,0.92021537,0.5856042,0.45145503,0.8690899
2021:12:29:21:42:59,up_60_30s.csv,47.79760265,0.48337314,0.44617343,0.91926885,0.5856038,0.45645684,0.8699578
2021:12:29:21:42:59,up_60_30s.csv,47.86342716,0.48337254,0.44618025,0.91923785,0.585591,0.4514638,0.87091476
2021:12:29:21:42:59,up_60_30s.csv,47.92725635,0.4833599,0.44616666,0.91853076,0.58559215,0.45144492,0.87283915
2021:12:29:21:42:59,up_60_30s.csv,47.99108553,0.4833623,0.4461695,0.91909033,0.5855977,0.45143533,0.8727119
2021:12:29:21:42:59,up_60_30s.csv,48.06289411,0.4833609,0.4461749,0.9181851,0.58559877,0.4514374,0.87169045
2021:12:29:21:42:59,up_60_30s.csv,48.12675095,0.48334938,0.44620246,0.9135874,0.5855903,0.45144555,0.872277
2021:12:29:21:42:59,up_60_30s.csv,48.19257522,0.48334634,0.44620922,0.91253585,0.5855841,0.4514421,0.87322605
2021:12:29:21:42:59,up_60_30s.csv,48.25441742,0.48333797,0.44619936,0.9130315,0.5855882,0.451438,0.8729998
2021:12:29:21:42:59,up_60_30s.csv,48.34713411,0.4833508,0.44621104,0.91368127,0.5855773,0.45645547,0.8743006
2021:12:29:21:42:59,up_60_30s.csv,48.41096306,0.4833535,0.44619587,0.91432583,0.5855966,0.4564756,0.8713487
2021:12:29:21:42:59,up_60_30s.csv,48.47878194,0.483348,0.44617358,0.9161942,0.58559585,0.45647097,0.8721808
2021:12:29:21:42:59,up_60_30s.csv,48.54660058,0.48331997,0.44617966,0.9150406,0.5855808,0.456531,0.8712134
2021:12:29:21:43:00,up_60_30s.csv,48.61043048,0.48331293,0.44618317,0.91422254,0.585569,0.45653743,0.87275
2021:12:29:21:43:00,up_60_30s.csv,48.67426085,0.48330477,0.44618633,0.9126649,0.5855821,0.4565224,0.87187475
2021:12:29:21:43:00,up_60_30s.csv,48.74407244,0.4832884,0.44616142,0.91304225,0.58559513,0.45650294,0.87053716
2021:12:29:21:43:00,up_60_30s.csv,48.82585526,0.48330152,0.44614494,0.91613656,0.585583,0.45650956,0.87074447
2021:12:29:21:43:00,up_60_30s.csv,48.89965725,0.4833039,0.4461438,0.91715294,0.58559847,0.4565559,0.8688791
2021:12:29:21:43:00,up_60_30s.csv,48.97744966,0.48329914,0.4461318,0.9178422,0.5855875,0.45650905,0.87069863
2021:12:29:21:43:00,up_60_30s.csv,49.04327297,0.4833008,0.44612506,0.91768444,0.5856011,0.45651072,0.86875725
2021:12:29:21:43:00,up_60_30s.csv,49.10710263,0.4833126,0.44611996,0.9212321,0.58557236,0.45652533,0.8722611
2021:12:29:21:43:00,up_60_30s.csv,49.18888402,0.48330897,0.4461092,0.9209026,0.5855903,0.4565102,0.8703801
2021:12:29:21:43:00,up_60_30s.csv,49.24872398,0.4833056,0.44607916,0.92267674,0.5855726,0.45650196,0.871974
2021:12:29:21:43:00,up_60_30s.csv,49.31454778,0.48331228,0.44607937,0.92341506,0.5855837,0.4564973,0.8719251
2021:12:29:21:43:00,up_60_30s.csv,49.39433503,0.48331887,0.44609234,0.9229294,0.585587,0.4564978,0.87132955
2021:12:29:21:43:00,up_60_30s.csv,49.46414781,0.48332173,0.4460754,0.9253201,0.5855813,0.45647764,0.873031
2021:12:29:21:43:00,up_60_30s.csv,49.53196645,0.48329946,0.4460853,0.9210817,0.5855666,0.4565957,0.8723528
2021:12:29:21:43:01,up_60_30s.csv,49.60577011,0.48330116,0.44609454,0.92122734,0.5855667,0.45658994,0.8727459
2021:12:29:21:43:01,up_60_30s.csv,49.67558265,0.48330465,0.4460867,0.9226466,0.5855787,0.4565976,0.8708668
2021:12:29:21:43:01,up_60_30s.csv,49.73741746,0.4833033,0.44608355,0.9229293,0.5855753,0.45660287,0.8701253
2021:12:29:21:43:01,up_60_30s.csv,49.80124688,0.48329708,0.44611093,0.91884834,0.5855809,0.45660704,0.8695382
2021:12:29:21:43:01,up_60_30s.csv,49.86407852,0.48331362,0.44608954,0.92309326,0.58556354,0.4565656,0.8721587
2021:12:29:21:43:01,up_60_30s.csv,49.92391896,0.48332283,0.44607934,0.9247862,0.58556265,0.45655638,0.87250185
2021:12:29:21:43:01,up_60_30s.csv,49.98375845,0.48331952,0.44608277,0.92357767,0.5855692,0.45655894,0.87178457
2021:12:29:21:43:01,up_60_30s.csv,50.04758787,0.48330933,0.44606715,0.9233287,0.5855848,0.45653802,0.87016875
2021:12:29:21:43:01,up_60_30s.csv,50.11540699,0.48331237,0.4460747,0.92299265,0.5855915,0.4565635,0.8685446
2021:12:29:21:43:01,up_60_30s.csv,50.19519424,0.4833215,0.44606572,0.9243922,0.58559513,0.45655063,0.8692288
2021:12:29:21:43:01,up_60_30s.csv,50.25902367,0.4833194,0.44606405,0.9244621,0.5855947,0.45656928,0.8682466
2021:12:29:21:43:01,up_60_30s.csv,50.32883596,0.48331982,0.44606236,0.92492723,0.58559966,0.45656398,0.8683269
2021:12:29:21:43:01,up_60_30s.csv,50.39067101,0.4832954,0.44608492,0.919419,0.5855992,0.45652166,0.86875176
2021:12:29:21:43:01,up_60_30s.csv,50.47248268,0.4833097,0.44603944,0.9230985,0.585595,0.45653108,0.8694855
2021:12:29:21:43:01,up_60_30s.csv,50.53431535,0.48335388,0.44604847,0.9273518,0.5855738,0.45650077,0.87239
2021:12:29:21:43:02,up_60_30s.csv,50.61509919,0.48334116,0.4460315,0.9276212,0.5855738,0.45648426,0.87242866
2021:12:29:21:43:02,up_60_30s.csv,50.69585538,0.4833353,0.44602752,0.92653227,0.5855698,0.45649457,0.87275535
2021:12:29:21:43:02,up_60_30s.csv,50.76866078,0.4833211,0.44602478,0.9252814,0.58557636,0.4564929,0.8716923
2021:12:29:21:43:02,up_60_30s.csv,50.84844708,0.48329046,0.44603133,0.9192906,0.58558315,0.45648956,0.87100923
2021:12:29:21:43:02,up_60_30s.csv,50.91427159,0.4832919,0.44601974,0.9199402,0.5856028,0.45645985,0.86808884
2021:12:29:21:43:02,up_60_30s.csv,50.97713876,0.4832999,0.44601658,0.92162347,0.5855964,0.45647308,0.86919504
2021:12:29:21:43:02,up_60_30s.csv,51.03893828,0.48329058,0.44603822,0.9192258,0.58560085,0.45648035,0.8687406
2021:12:29:21:43:02,up_60_30s.csv,51.10276723,0.4833012,0.44602567,0.92079407,0.58560646,0.45646897,0.8682977
2021:12:29:21:43:02,up_60_30s.csv,51.16460228,0.48329803,0.44603285,0.91920364,0.5856119,0.4564725,0.8672866
2021:12:29:21:43:02,up_60_30s.csv,51.24139667,0.48330292,0.44604427,0.91865915,0.58560234,0.45145762,0.8677376
2021:12:29:21:43:02,up_60_30s.csv,51.30522585,0.4833022,0.44605458,0.91913986,0.585586,0.45145744,0.8695328
2021:12:29:21:43:02,up_60_30s.csv,51.36506581,0.48330316,0.4460389,0.9204047,0.5855833,0.4514632,0.8695927
2021:12:29:21:43:02,up_60_30s.csv,51.44684839,0.48331052,0.44606927,0.91996646,0.58558357,0.45142785,0.87209165
2021:12:29:21:43:02,up_60_30s.csv,51.52862906,0.4833294,0.44606966,0.92278564,0.5855758,0.45139328,0.87554574
2021:12:29:21:43:03,up_60_30s.csv,51.6084156,0.48333266,0.446076,0.922446,0.5855721,0.4513986,0.8757156
2021:12:29:21:43:03,up_60_30s.csv,51.66825581,0.48332798,0.4460803,0.9207682,0.58558106,0.4514005,0.87427545
2021:12:29:21:43:03,up_60_30s.csv,51.73407936,0.48335373,0.446096,0.92287624,0.5855912,0.45141873,0.8722019
2021:12:29:21:43:03,up_60_30s.csv,51.79790878,0.48335344,0.44610545,0.9217272,0.5855949,0.45140243,0.87285715
2021:12:29:21:43:03,up_60_30s.csv,51.86772227,0.48332927,0.4460994,0.9196644,0.5855916,0.45139474,0.87282753
2021:12:29:21:43:03,up_60_30s.csv,51.93155241,0.483373,0.4461787,0.91795367,0.5855925,0.45141184,0.8725424
2021:12:29:21:43:03,up_60_30s.csv,51.99338675,0.48337698,0.4461749,0.91827416,0.58559513,0.45140478,0.87319314
2021:12:29:21:43:03,up_60_30s.csv,52.06519437,0.48337165,0.44617915,0.91708463,0.585586,0.45139065,0.8743192
2021:12:29:21:43:03,up_60_30s.csv,52.12902379,0.48337346,0.44618207,0.9177229,0.5856108,0.45143124,0.86877525
2021:12:29:21:43:03,up_60_30s.csv,52.20681572,0.48336953,0.4461838,0.91676074,0.5856273,0.45142302,0.8678261
2021:12:29:21:43:03,up_60_30s.csv,52.27064514,0.48338646,0.44620016,0.91617566,0.58562326,0.45144284,0.86609364
2021:12:29:21:43:03,up_60_30s.csv,52.33048606,0.48337853,0.44620404,0.9149685,0.585635,0.45646152,0.8647369
2021:12:29:21:43:03,up_60_30s.csv,52.40827703,0.48337254,0.44620356,0.9153715,0.5856494,0.45145902,0.8623577
2021:12:29:21:43:03,up_60_30s.csv,52.47011209,0.48338988,0.44622743,0.9144566,0.58563507,0.45145324,0.8646476
2021:12:29:21:43:03,up_60_30s.csv,52.53394127,0.4834004,0.44622767,0.91328,0.585637,0.45146617,0.8652284
2021:12:29:21:43:04,up_60_30s.csv,52.60375452,0.48340255,0.44623524,0.91239476,0.5856407,0.45145988,0.86477435
2021:12:29:21:43:04,up_60_30s.csv,52.66559005,0.4833967,0.44622037,0.9130025,0.5856438,0.4514499,0.86484057
